word,pos
aardvark,noun
abacus,noun
abbreviation,noun
abdomen,noun
aboveground,adj
absent,adj
abuse,noun
abuser,noun
abusive,adj
academy,noun
acceleration,noun
accent,noun
access,noun
accident,noun
accommodation,noun
accomplice,noun
accordion,noun
account,noun
ace,noun
ache,noun
achy,adj
acid,noun
acknowledgement,noun
acorn,noun
acre,noun
acrobat,noun
acrobatic,adj
acrobatics,noun
action,noun
active,adj
activity,noun
actor,noun
actress,noun
ad,noun
address,noun
addressee,noun
adhesive,noun
adjustable,adj
adjustment,noun
admiral,noun
admirer,noun
admission,noun
adoptable,adj
adoption,noun
adult,noun
advance,noun
adventure,noun
adventurer,noun
advertisement,noun
advertising,noun
advice,noun
aerobatics,noun
aerosol,noun
afloat,adj
afraid,adj
afternoon,noun
age,noun
agenda,noun
agent,noun
aggravated,adj
aggression,noun
aggressive,adj
aging,adj
aid,noun
aide,noun
air,noun
airborne,adj
aircraft,noun
airfield,noun
airforce,noun
airline,noun
airliner,noun
airplane,noun
airport,noun
airstrip,noun
airtight,adj
aisle,noun
ajar,adj
alarm,noun
albino,noun
album,noun
alcohol,noun
alcoholic,noun
alert,adj
alfalfa,noun
alias,noun
alien,adj
alive,adj
allergic,adj
allergy,noun
alley,noun
alleyway,noun
alligator,noun
allowance,noun
ally,noun
almond,noun
aloe,noun
alone,adj
alphabet,noun
alphabetical,adj
altar,noun
altitude,noun
aluminum,noun
amber,noun
ambulance,noun
ambush,noun
ammo,noun
ammunition,noun
amount,noun
amphibian,noun
ancestor,noun
anchor,noun
anchorman,noun
anchovy,noun
angel,noun
angelfish,noun
angle,noun
angry,adj
angular,adj
animal,noun
animate,adj
animated,adj
animation,noun
ankle,noun
anklebone,noun
anklet,noun
anniversary,noun
announcement,noun
announcer,noun
annoyed,adj
annoyer,noun
ant,noun
anteater,noun
antelope,noun
antenna,noun
anthem,noun
anthill,noun
antibiotic,noun
antique,adj
antiseptic,adj
antler,noun
apartment,noun
ape,noun
apelike,adj
apology,noun
apostle,noun
apostrophe,noun
appearance,noun
appetite,noun
appetizer,noun
applause,noun
apple,noun
applecart,noun
applesauce,noun
appliance,noun
application,noun
appointment,noun
approach,noun
apricot,noun
apron,noun
aquarium,noun
aquatic,adj
aquatics,noun
arcade,noun
arch,noun
archaeological,adj
archaeologist,noun
arched,adj
archery,noun
arctic,adj
area,noun
arena,noun
argument,noun
arithmetic,noun
ark,noun
arm,noun
armchair,noun
armed,adj
armful,noun
armless,adj
armor,noun
armored,adj
armpit,noun
arms,noun
army,noun
aroma,noun
arrest,noun
arrival,noun
arrow,noun
art,noun
article,noun
artist,noun
arts,noun
artwork,noun
ashtray,noun
ashy,adj
asker,noun
asleep,adj
asparagus,noun
asphalt,noun
aspirin,noun
ass,noun
assassination,noun
assembly,noun
asshole,noun
assignment,noun
assistant,noun
assorted,adj
asteroid,noun
asthmatic,adj
astronaut,noun
astronomer,noun
astronomy,noun
athlete,noun
athletic,adj
athletics,noun
atlas,noun
atmosphere,noun
atom,noun
attack,noun
attacker,noun
attendance,noun
attendant,noun
attic,noun
attractive,adj
auctioneer,noun
audience,noun
audio,noun
audiotape,noun
audition,noun
auditorium,noun
aunt,noun
auntie,noun
author,noun
auto,noun
autobiographer,noun
autobiographical,adj
autobiography,noun
autograph,noun
autographed,adj
automatic,adj
automobile,noun
automotive,adj
autumn,noun
avalanche,noun
avenue,noun
aviator,noun
avocado,noun
awake,adj
award,noun
ax,noun
axe,noun
babe,noun
baboon,noun
baby,noun
babyhood,noun
babyish,adj
babysitter,noun
backache,noun
backbend,noun
backboard,noun
backbone,noun
backdoor,noun
backdrop,noun
background,noun
backhand,adj
backpack,noun
backroom,noun
backscratcher,noun
backseat,noun
backside,noun
backstairs,noun
backstop,noun
backstroke,noun
backtalk,noun
backwash,noun
backyard,noun
bacon,noun
bacteria,noun
badge,noun
badger,noun
bag,noun
bagel,noun
baggage,noun
baggy,adj
bagpipe,noun
bagpiper,noun
bait,noun
bakery,noun
bakeshop,noun
balance,noun
balancer,noun
balcony,noun
bald,adj
baldhead,noun
balding,adj
baldness,noun
bale,noun
ball,noun
ballerina,noun
ballet,noun
ballgame,noun
balloon,noun
balloonist,noun
ballot,noun
ballpark,noun
ballplayer,noun
ballpoint,noun
ballroom,noun
bamboo,noun
banana,noun
band,noun
bandage,noun
bandanna,noun
bandit,noun
bandstand,noun
bangle,noun
banjo,noun
bank,noun
banker,noun
banking,noun
banner,noun
banquet,noun
baptism,noun
baptismal,adj
bar,noun
barbarian,noun
barbecue,noun
barber,noun
barbershop,noun
barbwire,noun
bare,adj
barefoot,adj
barefooted,adj
bargain,noun
bark,noun
barley,noun
barn,noun
barnyard,noun
barracuda,noun
barrel,noun
barrette,noun
barrier,noun
bartender,noun
base,noun
baseball,noun
basement,noun
basket,noun
basketball,noun
basketful,noun
bass,noun
bassinet,noun
bat,noun
batch,noun
bath,noun
bathrobe,noun
bathroom,noun
bathtub,noun
baton,noun
batter,noun
battery,noun
battle,noun
battlefield,noun
battlefront,noun
battleground,noun
battleship,noun
batwing,noun
bay,noun
bazaar,noun
beach,noun
beachfront,noun
beachwear,noun
bead,noun
beaded,adj
beadwork,noun
beak,noun
beam,noun
bean,noun
beanbag,noun
beanstalk,noun
bear,noun
beard,noun
bearded,adj
beardless,adj
bearer,noun
bearskin,noun
beast,noun
beater,noun
beauty,noun
beaver,noun
bed,noun
bedbug,noun
bedclothes,noun
bedding,noun
bedpost,noun
bedroll,noun
bedroom,noun
bedside,noun
bedspread,noun
bedtime,noun
bee,noun
beef,noun
beefy,adj
beehive,noun
beekeeper,noun
beekeeping,noun
beep,noun
beer,noun
beeswax,noun
beet,noun
beetle,noun
beggar,noun
beginner,noun
beige,adj
believer,noun
bell,noun
bellboy,noun
belly,noun
bellyache,noun
bellybutton,noun
bellyful,noun
belongings,noun
belt,noun
beltless,adj
bench,noun
bended,adj
betrayer,noun
beverage,noun
bib,noun
bible,noun
biceps,noun
bicycle,noun
bidder,noun
bidding,noun
big,adj
bigness,noun
bigwig,noun
bike,noun
bikini,noun
billboard,noun
billion,noun
billionaire,noun
bin,noun
bingo,noun
binocular,adj
binoculars,noun
biography,noun
biology,noun
biracial,adj
bird,noun
birdbath,noun
birdcage,noun
birdhouse,noun
birdie,noun
birdseed,noun
birdsong,noun
birth,noun
birthday,noun
birthmark,noun
birthplace,noun
biscuit,noun
bison,noun
bit,noun
biter,noun
bitter,adj
blabbermouth,noun
black,adj
blackberry,noun
blackbird,noun
blackboard,noun
blackened,adj
blackness,noun
blackout,noun
blacksmith,noun
blacksnake,noun
blacktop,noun
blade,noun
bladed,adj
blank,adj
blanket,noun
blankness,noun
blast,noun
blaster,noun
blaze,noun
blazer,noun
bleach,noun
bleeder,noun
bleep,noun
blender,noun
blimp,noun
blind,adj
blindfold,noun
blinding,adj
blindness,noun
blinker,noun
blister,noun
blistering,adj
blizzard,noun
blob,noun
block,noun
blockage,noun
blocker,noun
blockhead,noun
blond,adj
blonde,adj
blood,noun
bloodstain,noun
bloodstained,adj
bloodstream,noun
bloodsucker,noun
bloody,adj
bloomers,noun
blooming,adj
blooper,noun
blossom,noun
blotch,noun
blouse,noun
blower,noun
blowfish,noun
blowhole,noun
blowout,noun
blowtorch,noun
blowup,noun
blubber,noun
blubbery,adj
blue,adj
blueberry,noun
bluebird,noun
bluefish,noun
blueness,noun
blueprint,noun
bluff,noun
bluish,adj
blur,noun
blurriness,noun
blurry,adj
blush,noun
blustery,adj
boa,noun
boar,noun
board,noun
boarder,noun
boarding,noun
boardwalk,noun
boat,noun
boater,noun
boating,noun
boatman,noun
boatyard,noun
bobcat,noun
bobsleigh,noun
bobtail,noun
bodily,adj
body,noun
bog,noun
bogeyman,noun
boiler,noun
bolt,noun
bomb,noun
bomber,noun
bombing,noun
bonanza,noun
bonbon,noun
bone,noun
bonehead,noun
boneless,adj
boney,adj
bonfire,noun
bonnet,noun
bonus,noun
bony,adj
boob,noun
booby,noun
booger,noun
boogeyman,noun
boogie,noun
book,noun
bookcase,noun
bookkeeper,noun
booklet,noun
bookmaker,noun
bookmark,noun
bookmarker,noun
bookseller,noun
bookshelf,noun
bookshop,noun
bookstore,noun
bookworm,noun
boom,noun
boomerang,noun
boost,noun
booster,noun
boot,noun
booth,noun
bootie,noun
bootless,adj
booty,noun
border,noun
borrower,noun
boss,noun
bottle,noun
bottom,noun
bounciness,noun
bouncy,adj
boundary,noun
bounty,noun
bouquet,noun
boutique,noun
bow,noun
bowel,noun
bowels,noun
bowl,noun
bowlegged,adj
bowlful,noun
bowling,noun
bowtie,noun
box,noun
boxcar,noun
boxer,noun
boxing,noun
boy,noun
boyfriend,noun
boysenberry,noun
bra,noun
bracelet,noun
braces,noun
bracket,noun
bragger,noun
braid,noun
brain,noun
brainstorm,noun
brake,noun
bran,noun
branch,noun
brand,noun
brass,noun
brat,noun
bratwurst,noun
brawl,noun
bread,noun
breadbasket,noun
breadbox,noun
breakable,adj
breaker,noun
breakfast,noun
breakout,noun
breast,noun
breaststroke,noun
breath,noun
breather,noun
breathless,adj
breathlessness,noun
breed,noun
breeding,noun
breeze,noun
breezy,adj
brew,noun
briar,noun
brick,noun
bricklayer,noun
bricklaying,noun
bridal,adj
bride,noun
bridesmaid,noun
bridge,noun
briefcase,noun
bright,adj
brightness,noun
brittle,adj
broadcast,noun
broadcaster,noun
broadcasting,noun
broccoli,noun
brochure,noun
broiler,noun
bronco,noun
brontosaurus,noun
brook,noun
broom,noun
broomstick,noun
broth,noun
brother,noun
brotherhood,noun
brow,noun
brownie,noun
brownish,adj
bruise,noun
bruising,adj
brunch,noun
brunette,noun
bubble,noun
bubbly,adj
buccaneer,noun
buck,noun
bucket,noun
bucketful,noun
buckshot,noun
bucktooth,noun
buckwheat,noun
buddy,noun
buffet,noun
buffoon,noun
bug,noun
buggy,noun
bugle,noun
builder,noun
building,noun
buildup,noun
bulb,noun
bulge,noun
bull,noun
bulldog,noun
bulldozer,noun
bullet,noun
bulletproof,adj
bullfight,noun
bullfighter,noun
bullfrog,noun
bully,noun
bum,noun
bumblebee,noun
bump,noun
bumper,noun
bumpiness,noun
bumpy,adj
bun,noun
bunch,noun
bundle,noun
bunk,noun
bunker,noun
bunny,noun
buoy,noun
burden,noun
burger,noun
burglar,noun
burglary,noun
burial,noun
burner,noun
burr,noun
burrito,noun
burrow,noun
bus,noun
bush,noun
bushel,noun
bushy,adj
business,noun
businessman,noun
businessperson,noun
busload,noun
buster,noun
busybody,noun
busywork,noun
butcher,noun
butler,noun
butt,noun
butter,noun
butterball,noun
buttercup,noun
butterfly,noun
buttermilk,noun
butterscotch,noun
buttery,noun
buttocks,noun
button,noun
buttonhole,noun
buyer,noun
buzzard,noun
buzzer,noun
bypass,noun
cab,noun
cabbage,noun
cabdriver,noun
cabin,noun
cabinet,noun
cable,noun
caboose,noun
cackle,noun
cactus,noun
caddie,noun
cadet,noun
cafe,noun
cafeteria,noun
caffeine,noun
cage,noun
cake,noun
cakewalk,noun
calcium,noun
calculation,noun
calculator,noun
calendar,noun
calf,noun
caller,noun
callus,noun
camel,noun
camera,noun
camouflage,noun
camp,noun
camper,noun
campfire,noun
campground,noun
camping,noun
campsite,noun
canal,noun
canary,noun
cancer,noun
candle,noun
candlelight,noun
candlepower,noun
candlestick,noun
candy,noun
cane,noun
canine,adj
canister,noun
canned,adj
cannibal,noun
cannon,noun
cannonball,noun
canoe,noun
canon,noun
canopy,noun
cantaloupe,noun
canteen,noun
canvas,noun
canyon,noun
cap,noun
capacity,noun
capful,noun
capital,noun
capitalization,noun
captain,noun
caption,noun
captive,noun
captivity,noun
captor,noun
car,noun
caramel,noun
caravan,noun
card,noun
cardboard,adj
cardinal,noun
career,noun
caregiver,noun
caretaker,noun
cargo,noun
carload,noun
carmaker,noun
carnival,noun
carnivorous,adj
carousel,noun
carpentry,noun
carpet,noun
carpeting,noun
carriage,noun
carrier,noun
carrot,noun
carsick,adj
cart,noun
cartload,noun
carton,noun
cartoon,noun
cartoonist,noun
cartwheel,noun
case,noun
cash,noun
cashbox,noun
cashew,noun
cashier,noun
casino,noun
casket,noun
casserole,noun
cassette,noun
castaway,noun
castle,noun
cat,noun
catalog,noun
catalogue,noun
catcher,noun
category,noun
caterpillar,noun
catfish,noun
catholic,adj
catnap,noun
catnip,noun
catsup,noun
cattle,noun
cattleman,noun
cauldron,noun
cauliflower,noun
cavalry,noun
cavalryman,noun
cave,noun
caveman,noun
cavern,noun
cavity,noun
cedar,noun
ceiling,noun
celebration,noun
celebrity,noun
celery,noun
cellar,noun
cello,noun
cement,noun
cemetery,noun
cent,noun
centaur,noun
center,noun
centerpiece,noun
centimeter,noun
central,adj
century,noun
ceramic,adj
ceramics,noun
cereal,noun
ceremony,noun
certificate,noun
chain,noun
chainsaw,noun
chair,noun
chalk,noun
chalkboard,noun
chalky,adj
challenger,noun
chamber,noun
champ,noun
champion,noun
championship,noun
chandelier,noun
channel,noun
chant,noun
chapel,noun
chaperon,noun
chapter,noun
character,noun
charcoal,noun
charge,noun
chariot,noun
charity,noun
charm,noun
chart,noun
chase,noun
chat,noun
chatter,noun
chatterbox,noun
chatty,adj
chauffeur,noun
cheapskate,noun
checkbook,noun
checker,noun
checkerboard,noun
checkered,adj
checkers,noun
checklist,noun
checkout,noun
checkup,noun
cheek,noun
cheekbone,noun
cheerfulness,noun
cheerleader,noun
cheery,adj
cheese,noun
cheeseboard,noun
cheeseburger,noun
cheesecake,noun
cheesy,adj
cheetah,noun
chef,noun
chemical,adj
chemist,noun
chemistry,noun
cherry,noun
chess,noun
chessboard,noun
chest,noun
chestnut,noun
chewable,adj
chewer,noun
chewy,adj
chick,noun
chickadee,noun
chicken,noun
chickenpox,noun
chief,noun
child,noun
childbed,noun
childbirth,noun
childhood,noun
childish,adj
childless,adj
chili,noun
chill,noun
chilliness,noun
chilling,adj
chilly,adj
chimney,noun
chimp,noun
chimpanzee,noun
chin,noun
chinless,adj
chip,noun
chipmunk,noun
chipper,adj
chirpy,adj
chitchat,noun
chlorine,noun
chocolate,noun
choir,noun
choirboy,noun
chooser,noun
chop,noun
chopper,noun
choppy,adj
chopstick,noun
choral,adj
chord,noun
chore,noun
chorus,noun
chow,noun
chowder,noun
chrome,noun
chronicle,noun
chrysanthemum,noun
chubby,adj
chuckle,noun
chum,noun
chunk,noun
chunky,adj
church,noun
churchgoer,noun
churchman,noun
churchyard,noun
chute,noun
cider,noun
cigar,noun
cigarette,noun
cinder,noun
cinema,noun
cinnamon,noun
circle,noun
circular,adj
circus,noun
citizen,noun
citizenship,noun
citrus,noun
city,noun
civilian,adj
clam,noun
clang,noun
clank,noun
clapper,noun
clarinet,noun
clash,noun
clasp,noun
class,noun
classics,noun
classmate,noun
classroom,noun
clatter,noun
claw,noun
clay,noun
clean,adj
cleaner,noun
cleanliness,noun
cleanness,noun
cleanser,noun
cleansing,noun
cleanup,noun
clear,adj
cleat,noun
cleaver,noun
clergyman,noun
clerk,noun
cliffhanger,noun
climate,noun
climbable,adj
climber,noun
clinic,noun
clink,noun
clip,noun
clipboard,noun
clipper,noun
clipping,noun
cloak,noun
cloakroom,noun
clock,noun
clockmaker,noun
clockwork,noun
clog,noun
clone,noun
close,adj
closet,noun
closeup,noun
cloth,noun
clothes,noun
clothesline,noun
clothespin,noun
clothing,noun
cloud,noun
cloudiness,noun
cloudless,adj
cloudlike,adj
cloudy,adj
clover,noun
cloverleaf,noun
clown,noun
club,noun
clubhouse,noun
cluck,noun
clue,noun
clump,noun
clumsy,adj
clunk,noun
clunky,adj
clutter,noun
coach,noun
coal,noun
coarse,adj
coast,noun
coastal,adj
coaster,noun
coastguard,noun
coastline,noun
coat,noun
coating,noun
coatroom,noun
cobbler,noun
cobra,noun
cobweb,noun
cockatoo,noun
cockpit,noun
cockroach,noun
cocktail,noun
cocoa,noun
coconut,noun
cocoon,noun
code,noun
codfish,noun
coffee,noun
coffeepot,noun
coffin,noun
coil,noun
coin,noun
coke,noun
cola,noun
colander,noun
cold,adj
coldness,noun
coleslaw,noun
collage,noun
collar,noun
collarbone,noun
collectable,adj
collectible,adj
collection,noun
collective,adj
collector,noun
college,noun
collie,noun
collision,noun
cologne,noun
colonel,noun
colonial,adj
colonization,noun
colony,noun
color,noun
colored,adj
colorful,adj
coloring,noun
colorless,adj
colossal,adj
column,noun
combination,noun
combo,noun
comedian,noun
comedy,noun
comet,noun
comfort,noun
comforter,noun
comfy,adj
comic,adj
comical,adj
comma,noun
commander,noun
commandment,noun
comment,noun
commercial,adj
committee,noun
commoner,noun
commotion,noun
communication,noun
communicator,noun
communion,noun
community,noun
companion,noun
company,noun
compartment,noun
compass,noun
competition,noun
competitor,noun
complainer,noun
complaint,noun
complete,adj
compliment,noun
composer,noun
composition,noun
compost,noun
computer,noun
concert,noun
concession,noun
concrete,adj
condiment,noun
conditioner,noun
conductor,noun
cone,noun
conference,noun
confetti,noun
confidant,noun
confident,adj
confrontation,noun
congested,adj
congregation,noun
congress,noun
congressman,noun
connection,noun
connector,noun
conquest,noun
consequence,noun
consonant,noun
constellation,noun
constipation,noun
constitution,noun
construction,noun
constructor,noun
contact,noun
contagious,adj
container,noun
content,noun
contents,noun
contest,noun
contestant,noun
continent,noun
contract,noun
contrast,noun
convent,noun
conversation,noun
convertible,noun
cookbook,noun
cooker,noun
cookie,noun
cooking,noun
cookout,noun
cookware,noun
cool,adj
cooler,noun
coolness,noun
coonhound,noun
cootie,noun
cop,noun
copier,noun
copilot,noun
copper,noun
copperplate,noun
copy,noun
copycat,noun
coral,noun
cord,noun
core,noun
cork,noun
corkboard,noun
corkscrew,noun
corn,noun
cornbread,noun
corncob,noun
corner,noun
cornfield,noun
cornflower,noun
cornmeal,noun
cornstalk,noun
cornstarch,noun
cornucopia,noun
corral,noun
correct,adj
correction,noun
corrective,adj
corridor,noun
corrosion,noun
cosmic,adj
costume,noun
costumed,adj
cot,noun
cottage,noun
cotton,noun
couch,noun
cougar,noun
cough,noun
counseling,noun
counselor,noun
countable,adj
countdown,noun
counter,noun
country,noun
countryside,noun
county,noun
couple,noun
coupon,noun
court,noun
courthouse,noun
courtroom,noun
courtyard,noun
cousin,noun
cove,noun
coverall,noun
cow,noun
coward,noun
cowbell,noun
cowboy,noun
cowgirl,noun
cowhand,noun
cowlick,noun
cowpoke,noun
cowskin,noun
coyote,noun
cozy,adj
crab,noun
crack,noun
cracker,noun
crackerjack,noun
crackle,noun
cradle,noun
craft,noun
craftsman,noun
cramp,noun
cranberry,noun
crap,noun
crash,noun
crasher,noun
crate,noun
crater,noun
crawfish,noun
crawler,noun
crawlspace,noun
crayfish,noun
crayon,noun
creaky,adj
cream,noun
creamer,noun
creamy,adj
crease,noun
creator,noun
creature,noun
credit,noun
creek,noun
creep,noun
crescent,noun
crew,noun
crib,noun
cricket,noun
crier,noun
crime,noun
criminal,adj
crimp,noun
crinkly,adj
cripple,noun
crippling,adj
crisp,adj
crispiness,noun
crispness,noun
crispy,adj
critter,noun
crock,noun
crocodile,noun
crook,noun
crooked,adj
crookedness,noun
crop,noun
croquette,noun
crossbones,noun
crossroad,noun
crosswalk,noun
crossword,noun
crotch,noun
crouch,noun
crouton,noun
crow,noun
crowbar,noun
crowd,noun
crowded,adj
crown,noun
crucifix,noun
crucifixion,noun
crud,noun
cruise,noun
crumb,noun
crumbly,adj
crummy,adj
crunch,noun
crush,noun
crusher,noun
crust,noun
crusty,adj
crutch,noun
crybaby,noun
crystal,noun
cub,noun
cubby,noun
cubbyhole,noun
cube,noun
cuckoo,noun
cucumber,noun
cuff,noun
cufflink,noun
cup,noun
cupboard,noun
cupcake,noun
curb,noun
curler,noun
curling,noun
currency,noun
current,adj
cursive,adj
curtain,noun
curtsy,noun
curve,noun
curved,adj
curvy,adj
cushion,noun
cuss,noun
custard,noun
custodian,noun
custody,noun
custom,noun
customer,noun
customs,noun
cute,adj
cuteness,noun
cutlery,noun
cutoff,noun
cutout,noun
cutter,noun
cycle,noun
cyclist,noun
cyclone,noun
cylinder,noun
dab,noun
dachshund,noun
dad,noun
daddy,noun
daffodil,noun
dagger,noun
daily,adj
dairy,noun
dam,noun
damage,noun
damp,adj
damper,noun
dampness,noun
damsel,noun
dancer,noun
dandelion,noun
dandy,noun
danger,noun
daredevil,noun
dark,adj
darkened,adj
darkness,noun
darling,noun
dart,noun
dartboard,noun
darts,noun
dash,noun
dashboard,noun
date,noun
daughter,noun
dawn,noun
day,noun
daybed,noun
daybreak,noun
daycare,noun
daydreamer,noun
daylight,noun
daytime,noun
dead,adj
deadline,noun
deadly,adj
deaf,adj
deafness,noun
deal,noun
dealer,noun
death,noun
deathbed,noun
debate,noun
decal,noun
decay,noun
decimal,adj
deck,noun
decoration,noun
decoy,noun
deed,noun
deep,adj
deepness,noun
deer,noun
defender,noun
definition,noun
deformed,adj
dehydration,noun
delay,noun
deli,noun
delighted,adj
deliverer,noun
delivery,noun
deliveryman,noun
demolition,noun
demon,noun
demonstrator,noun
den,noun
denim,noun
dent,noun
dental,adj
dentist,noun
dentistry,noun
deodorant,noun
department,noun
departure,noun
deposit,noun
depot,noun
depth,noun
deputy,noun
descendant,noun
descent,noun
desert,noun
designer,noun
desk,noun
desktop,noun
dessert,noun
destination,noun
destroyer,noun
destruction,noun
detachable,adj
detective,noun
detector,noun
detergent,noun
detour,noun
device,noun
devil,noun
dew,noun
dewdrop,noun
diagonal,adj
diagram,noun
diamond,noun
diaper,noun
diary,noun
dice,noun
dicer,noun
dictionary,noun
diet,noun
digest,noun
digestible,adj
digit,noun
dime,noun
dimmer,noun
dimple,noun
dimwit,noun
diner,noun
dingbat,noun
dingy,adj
dining,noun
dinky,noun
dinner,noun
dinnertime,noun
dinnerware,noun
dinosaur,noun
diploma,noun
dipper,noun
direction,noun
director,noun
directory,noun
dirt,noun
dirtiness,noun
dirty,adj
disability,noun
disabled,adj
disagreement,noun
disaster,noun
disciple,noun
discount,noun
discoverer,noun
discussion,noun
disease,noun
diseased,adj
disguise,noun
dish,noun
dishpan,noun
dishrag,noun
dishtowel,noun
dishware,noun
dishwasher,noun
dishwater,noun
disk,noun
disobedience,noun
disorder,noun
disorderly,adj
dispenser,noun
display,noun
distance,noun
distant,adj
district,noun
disturbance,noun
disturber,noun
ditto,noun
diver,noun
divider,noun
division,noun
divorce,noun
dizziness,noun
dizzy,adj
doc,noun
dock,noun
docking,noun
dockside,noun
doctor,noun
document,noun
dodger,noun
dog,noun
dogfight,noun
doggy,noun
doghouse,noun
dole,noun
doll,noun
dollar,noun
dollhouse,noun
dollop,noun
dolphin,noun
dome,noun
domino,noun
dominoes,noun
donation,noun
donkey,noun
doodad,noun
doodle,noun
doohickey,noun
door,noun
doorbell,noun
doorframe,noun
doorjamb,noun
doorknob,noun
doorknocker,noun
doorman,noun
doormat,noun
doornail,noun
doorpost,noun
doorstep,noun
doorstop,noun
doorway,noun
dope,noun
dork,noun
dorm,noun
dosage,noun
dot,noun
dotted,adj
double,adj
dough,noun
doughboy,noun
doughnut,noun
dove,noun
downpour,noun
downward,adj
dozen,noun
draft,noun
drafty,adj
dragon,noun
dragonfly,noun
drain,noun
drainpipe,noun
drape,noun
drawback,noun
drawbridge,noun
drawer,noun
drawers,noun
drawstring,noun
dream,noun
dress,noun
dresser,noun
dressmaker,noun
dressmaking,noun
dressy,adj
dribbler,noun
drift,noun
driftwood,noun
drill,noun
drink,noun
drinkable,adj
drinker,noun
drip,noun
drippy,adj
driver,noun
driveway,noun
drizzle,noun
drooping,adj
droopy,adj
droplet,noun
dropper,noun
drought,noun
drowsiness,noun
drowsy,adj
drug,noun
drugstore,noun
drum,noun
drumbeat,noun
drummer,noun
drumstick,noun
drunk,adj
drunken,adj
dry,adj
dryer,noun
dryness,noun
dual,adj
duchess,noun
duck,noun
duckling,noun
dud,noun
dude,noun
due,adj
duel,noun
duet,noun
dugout,noun
duke,noun
dumbbell,noun
dummy,noun
dumper,noun
dumpling,noun
dunce,noun
dune,noun
dungeon,noun
duo,noun
duplicator,noun
dusk,noun
dust,noun
dustbin,noun
duster,noun
dustpan,noun
dusty,adj
dwarf,noun
dweeb,noun
dweller,noun
dwelling,noun
dye,noun
dynamite,noun
eagle,noun
ear,noun
earache,noun
eardrum,noun
earless,adj
earlobe,noun
earnings,noun
earphone,noun
earplug,noun
earring,noun
earth,noun
earthquake,noun
earthworm,noun
earwax,noun
easel,noun
east,noun
eastbound,adj
eastern,adj
eatable,adj
eater,noun
eavesdropper,noun
echo,noun
edge,noun
edgy,adj
edible,adj
edition,noun
education,noun
educator,noun
eel,noun
egg,noun
eggbeater,noun
egghead,noun
eggnog,noun
eggplant,noun
eggshell,noun
ejector,noun
elastic,adj
elbow,noun
elder,noun
elderly,adj
election,noun
electric,adj
electrical,adj
electrician,noun
electricity,noun
electrocution,noun
electronic,adj
electronics,noun
elephant,noun
elevation,noun
elevator,noun
elf,noun
elm,noun
emerald,noun
emperor,noun
empire,noun
employee,noun
employment,noun
empty,adj
emu,noun
enclosure,noun
encounter,noun
encyclopedia,noun
encyclopedic,adj
end,noun
enemy,noun
energetic,adj
energy,noun
engagement,noun
engine,noun
engineer,noun
enlargement,noun
enormous,adj
enormousness,noun
entertainer,noun
entertainment,noun
enthusiastic,adj
entirety,noun
entity,noun
entrance,noun
entry,noun
entryway,noun
envelope,noun
environment,noun
environmental,adj
episode,noun
equal,adj
equation,noun
equator,noun
equipment,noun
erasable,adj
eraser,noun
errand,noun
error,noun
eruption,noun
escalator,noun
essay,noun
estimate,noun
evacuation,noun
evening,noun
event,noun
evergreen,adj
evildoer,noun
ex,noun
exact,adj
exam,noun
examination,noun
example,noun
exchange,noun
exchanger,noun
excuser,noun
execution,noun
executioner,noun
exercise,noun
exerciser,noun
exhaust,noun
exhaustion,noun
exhibit,noun
exit,noun
expectant,adj
expensive,adj
experiment,noun
expert,noun
expiration,noun
exploration,noun
explorer,noun
explosion,noun
explosive,adj
expression,noun
extension,noun
exterminator,noun
external,adj
extinct,adj
extinguisher,noun
eye,noun
eyeball,noun
eyebrow,noun
eyedrop,noun
eyeful,noun
eyeglass,noun
eyeglasses,noun
eyelash,noun
eyeless,adj
eyelid,noun
eyepiece,noun
eyes,noun
eyesight,noun
eyesore,noun
eyewitness,noun
fable,noun
fabric,noun
face,noun
facility,noun
fact,noun
factor,noun
factory,noun
fag,noun
faint,adj
fairground,noun
fairy,noun
fairyland,noun
fairytale,noun
faker,noun
falcon,noun
family,noun
fan,noun
fang,noun
fare,noun
farm,noun
farmer,noun
farmhouse,noun
farming,noun
farmland,noun
farmyard,noun
fart,noun
fashion,noun
fastball,noun
fastener,noun
fat,adj
fatal,adj
fathead,noun
father,noun
fatherhood,noun
fatherless,adj
fatherly,adj
fatness,noun
fatso,noun
fatty,noun
faucet,noun
favorite,adj
fawn,noun
fax,noun
fear,noun
feast,noun
feather,noun
featherbed,noun
feathered,adj
feathery,adj
feature,noun
feces,noun
fee,noun
feeble,adj
feedbag,noun
feeder,noun
feeler,noun
feline,adj
fellow,noun
female,adj
fence,noun
fender,noun
fern,noun
ferocious,adj
ferret,noun
ferry,noun
ferryboat,noun
fertile,adj
fertilization,noun
fertilizer,noun
festival,noun
festive,adj
festivity,noun
fever,noun
feverish,adj
fiancee,noun
fiddle,noun
fiddler,noun
fiddlestick,noun
fidgety,adj
field,noun
fielder,noun
fierce,adj
fig,noun
fighter,noun
figurine,noun
file,noun
filet,noun
filler,noun
film,noun
filter,noun
filth,noun
filthiness,noun
filthy,adj
fin,noun
final,adj
finale,noun
finalist,noun
finder,noun
fine,adj
finger,noun
fingernail,noun
fingerprint,noun
fingertip,noun
fir,noun
fire,noun
firearm,noun
fireball,noun
firebox,noun
firecracker,noun
firefighter,noun
firefly,noun
firehouse,noun
firelight,noun
fireman,noun
fireplace,noun
fireplug,noun
firepower,noun
fireproof,adj
fireside,noun
firewood,noun
firework,noun
firmness,noun
firstborn,noun
fish,noun
fishbowl,noun
fisherman,noun
fishery,noun
fishhook,noun
fishing,noun
fishpond,noun
fishy,adj
fist,noun
fistfight,noun
fistful,noun
fitness,noun
fixer,noun
fixture,noun
fizz,noun
fizzy,adj
flabby,adj
flag,noun
flagpole,noun
flake,noun
flaky,adj
flame,noun
flamethrower,noun
flaming,adj
flamingo,noun
flannel,noun
flap,noun
flapjack,noun
flare,noun
flash,noun
flashbulb,noun
flasher,noun
flashlight,noun
flashy,adj
flat,noun
flathead,noun
flatness,noun
flattery,noun
flattop,noun
flavor,noun
flavorless,adj
flaw,noun
flawless,adj
flea,noun
fleabag,noun
flesh,noun
flexibility,noun
flexible,adj
flick,noun
flier,noun
flight,noun
flightless,adj
flimsy,adj
fling,noun
flipper,noun
floater,noun
flock,noun
flood,noun
floodlight,noun
floor,noun
floorboard,noun
flooring,noun
flop,noun
floppy,adj
floral,adj
florist,noun
flotation,noun
flounder,noun
flour,noun
floury,adj
flow,noun
flower,noun
flowering,adj
flowerless,adj
flowerpot,noun
flowery,adj
flu,noun
fluff,noun
fluffy,adj
fluid,noun
fluoride,noun
flurry,noun
flute,noun
flyaway,adj
flycatcher,noun
flyer,noun
flypaper,noun
flyswatter,noun
flytrap,noun
foal,noun
foam,noun
foe,noun
fog,noun
fogginess,noun
foggy,adj
foghorn,noun
foil,noun
folder,noun
foldout,noun
folk,noun
folksong,noun
folktale,noun
follower,noun
food,noun
fool,noun
foot,noun
footage,noun
football,noun
footballer,noun
footbath,noun
footboard,noun
footgear,noun
footing,noun
footpath,noun
footprint,noun
footrace,noun
footrest,noun
footstep,noun
footstool,noun
footwear,noun
force,noun
forearm,noun
forecast,noun
forefather,noun
forefinger,noun
forehead,noun
forepaw,noun
forest,noun
forestry,noun
forgiver,noun
fork,noun
forklift,noun
form,noun
formation,noun
fortune,noun
fortuneteller,noun
fossil,noun
fossilized,adj
founder,noun
fountain,noun
fowl,noun
foxhound,noun
foxhunt,noun
fracture,noun
fragile,adj
fragrance,noun
fragrant,adj
frail,adj
frame,noun
framework,noun
freak,noun
freckle,noun
freckled,adj
freezer,noun
frequency,noun
freshener,noun
friar,noun
friction,noun
fridge,noun
fried,adj
friend,noun
fright,noun
frigid,adj
frill,noun
frilly,adj
fringe,noun
frizzy,adj
frog,noun
frolic,noun
frontier,noun
frostbite,noun
frosted,adj
frosting,noun
frosty,adj
frozen,adj
fruit,noun
fruitcake,noun
fruity,adj
fryer,noun
fudge,noun
fuel,noun
full,adj
fullness,noun
fumbler,noun
fume,noun
functional,adj
fund,noun
fundraiser,noun
funds,noun
funeral,noun
funereal,adj
fungus,noun
funnel,noun
fur,noun
furniture,noun
furry,adj
fury,noun
fussy,adj
fuzz,noun
fuzziness,noun
fuzzy,adj
gab,noun
gadget,noun
gag,noun
gaggle,noun
gal,noun
galaxy,noun
gallery,noun
gallon,noun
gallop,noun
gambling,noun
game,noun
gaming,noun
gang,noun
gangster,noun
gap,noun
gaping,adj
garage,noun
garbage,noun
garden,noun
gardener,noun
gardening,noun
garlic,noun
garment,noun
gas,noun
gash,noun
gaslight,noun
gasoline,noun
gasp,noun
gassy,adj
gate,noun
gatekeeper,noun
gateway,noun
gatherer,noun
gator,noun
gauze,noun
gavel,noun
gay,adj
gaze,noun
gazebo,noun
gazelle,noun
gear,noun
geek,noun
geezer,noun
gel,noun
gelatin,noun
gem,noun
gemstone,noun
gender,noun
genie,noun
genital,adj
genius,noun
gentle,adj
gentleman,noun
geographer,noun
geographic,adj
geography,noun
geometrical,adj
gerbil,noun
germ,noun
germfree,adj
getaway,noun
getup,noun
ghost,noun
ghoul,noun
giant,adj
gift,noun
gigantic,adj
giggler,noun
ginger,adj
gingerbread,noun
gingersnap,noun
giraffe,noun
girl,noun
girlfriend,noun
girlhood,noun
giver,noun
gizmo,noun
glacier,noun
gladiator,noun
glamorous,adj
glance,noun
glare,noun
glass,noun
glasses,noun
glassful,noun
glasshouse,noun
glassware,noun
glassy,adj
glaze,noun
glazed,adj
gleaming,adj
glimpse,noun
glitter,noun
glittering,adj
glittery,adj
glob,noun
global,adj
globe,noun
globetrotter,noun
gloomy,adj
glop,noun
gloss,noun
glossary,noun
glossy,adj
glove,noun
gloved,adj
glow,noun
glowworm,noun
glue,noun
gnome,noun
goal,noun
goalie,noun
goalkeeper,noun
goalpost,noun
goaltender,noun
goat,noun
gobbler,noun
goblin,noun
godchild,noun
goddaughter,noun
goddess,noun
godfather,noun
godmother,noun
godparent,noun
godson,noun
gofer,noun
goggles,noun
gold,noun
golden,adj
goldfish,noun
goldmine,noun
golf,noun
golfer,noun
golfing,noun
goo,noun
goodwill,noun
gooey,adj
goof,noun
goofball,noun
goofy,adj
goop,noun
goose,noun
gooseberry,noun
gopher,noun
gorge,noun
gorilla,noun
gory,adj
gospel,noun
gossip,noun
goulash,noun
gourmet,noun
government,noun
governor,noun
gown,noun
grabber,noun
grade,noun
grader,noun
graduation,noun
graffiti,noun
grain,noun
gram,noun
grammar,noun
grandchild,noun
granddad,noun
granddaddy,noun
granddaughter,noun
grandfather,noun
grandma,noun
grandmother,noun
grandnephew,noun
grandpa,noun
grandparent,noun
grandson,noun
granny,noun
granola,noun
grape,noun
grapefruit,noun
grapevine,noun
graph,noun
graphics,noun
grasp,noun
grass,noun
grasshopper,noun
grassy,adj
grate,noun
grater,noun
gratitude,noun
grave,noun
gravedigger,noun
gravel,noun
gravestone,noun
graveyard,noun
gravity,noun
gravy,noun
gray,adj
grayish,adj
grease,noun
greased,adj
greasiness,noun
greasy,adj
greedy,adj
green,adj
greenery,noun
greenhouse,noun
greenish,adj
greenness,noun
greens,noun
greeter,noun
greeting,noun
gremlin,noun
grenade,noun
greyhound,noun
griddle,noun
grief,noun
grill,noun
grilled,adj
grime,noun
grin,noun
grinder,noun
grip,noun
grit,noun
grits,noun
grizzly,adj
groan,noun
grocer,noun
grocery,noun
groin,noun
groom,noun
groove,noun
gross,adj
grouch,noun
grouchy,adj
ground,noun
groundhog,noun
group,noun
grouping,noun
grove,noun
grower,noun
growl,noun
grownup,noun
growth,noun
grub,noun
grubbiness,noun
gruesome,adj
grumbler,noun
grump,noun
grunt,noun
guacamole,noun
guard,noun
guardhouse,noun
guardian,noun
guardianship,noun
guardrail,noun
guesser,noun
guest,noun
guesthouse,noun
guestroom,noun
guide,noun
guideline,noun
guidepost,noun
guiding,adj
guinea,noun
guitar,noun
guitarist,noun
gulf,noun
gull,noun
gum,noun
gumdrop,noun
gumminess,noun
gummy,adj
gun,noun
gunfight,noun
gunfire,noun
gunk,noun
gunman,noun
gunnery,noun
gunpoint,noun
gunpowder,noun
gunshot,noun
gunslinger,noun
guppy,noun
gusher,noun
gushy,adj
gust,noun
gusty,adj
gut,noun
guts,noun
gutter,noun
guy,noun
gym,noun
gymnasium,noun
gymnast,noun
gymnastic,adj
gymnastics,noun
gypsy,noun
habit,noun
habitat,noun
hailstorm,noun
hair,noun
hairball,noun
hairbrush,noun
haircut,noun
hairdo,noun
hairdresser,noun
hairdressing,noun
haired,adj
hairless,adj
hairline,noun
hairnet,noun
hairpin,noun
hairstyle,noun
hairstylist,noun
hairy,adj
halfback,noun
halftime,noun
hall,noun
hallway,noun
halo,noun
ham,noun
hamburger,noun
hammer,noun
hammock,noun
hamper,noun
hamster,noun
hamstring,noun
hand,noun
handbag,noun
handball,noun
handbook,noun
handcart,noun
handclap,noun
handful,noun
handgun,noun
handhold,noun
handicap,noun
handicapped,adj
handicraft,noun
handkerchief,noun
handlebar,noun
handmade,adj
handmaiden,noun
handoff,noun
handout,noun
handrail,noun
handsaw,noun
handshake,noun
handshaking,noun
handsome,adj
handspring,noun
handstand,noun
handwork,noun
handwriting,noun
handyman,noun
hanger,noun
hangman,noun
hangout,noun
hanky,noun
happiness,noun
happy,adj
harasser,noun
harbor,noun
hard,adj
hardcover,noun
hardened,adj
hardness,noun
hardtop,noun
hardware,noun
hardwood,noun
hare,noun
harm,noun
harmonica,noun
harness,noun
harp,noun
harvest,noun
harvester,noun
hat,noun
hatband,noun
hatch,noun
hatchet,noun
hatless,adj
hauler,noun
haven,noun
hay,noun
hayfield,noun
hayloft,noun
haystack,noun
hazard,noun
hazardous,adj
hazelnut,noun
hazy,adj
head,noun
headache,noun
headband,noun
headboard,noun
headcount,noun
headdress,noun
headless,adj
headlight,noun
headline,noun
headquarters,noun
headroom,noun
headset,noun
headstand,noun
headstone,noun
healer,noun
healing,noun
healthy,adj
heap,noun
hearse,noun
heart,noun
heartbeat,noun
hearty,adj
heat,noun
heater,noun
heathen,adj
heating,noun
heatstroke,noun
heaviness,noun
heavy,adj
heavyweight,noun
hedge,noun
hedgehog,noun
heel,noun
height,noun
heir,noun
heirloom,noun
helicopter,noun
helium,noun
helmet,noun
helper,noun
hem,noun
hemisphere,noun
hemline,noun
hen,noun
henhouse,noun
herb,noun
herd,noun
herdsman,noun
hermit,noun
hero,noun
heroism,noun
hesitation,noun
hexagon,noun
hibernation,noun
hiccup,noun
hick,noun
hickory,noun
hideaway,noun
hideous,adj
hideout,noun
hieroglyph,noun
high,adj
highchair,noun
highlight,noun
highlighter,noun
highschool,noun
highway,noun
hike,noun
hiker,noun
hill,noun
hillside,noun
hilltop,noun
hilly,adj
hind,adj
hinge,noun
hip,noun
hipbone,noun
hippo,noun
hippopotamus,noun
history,noun
hitch,noun
hitchhiker,noun
hitter,noun
hive,noun
hoarse,adj
hobby,noun
hobbyhorse,noun
hobo,noun
hockey,noun
hoe,noun
hog,noun
holder,noun
holdout,noun
holdup,noun
hole,noun
holey,adj
holiday,noun
hollow,noun
hollowness,noun
holly,noun
homeland,noun
homeless,adj
homemade,adj
homemaker,noun
homeowner,noun
homeroom,noun
homesick,adj
hometown,noun
homework,noun
honey,noun
honeybee,noun
honeycomb,noun
honeydew,noun
honeymoon,noun
honeysuckle,noun
honker,noun
hood,noun
hoof,noun
hook,noun
hoop,noun
hoot,noun
hopscotch,noun
horizon,noun
horizontal,adj
horn,noun
horned,adj
hornet,noun
hornless,adj
horrifying,adj
horse,noun
horseback,noun
horsehair,noun
horseman,noun
horseplay,noun
horseradish,noun
horseshit,noun
horseshoe,noun
horsewoman,noun
hose,noun
hospital,noun
hospitalization,noun
host,noun
hostage,noun
hostess,noun
hostile,adj
hot,adj
hotdog,noun
hotel,noun
hotness,noun
hotshot,noun
hound,noun
hour,noun
hourglass,noun
house,noun
housebroken,adj
housecoat,noun
houseful,noun
household,noun
housekeeper,noun
housekeeping,noun
housemaid,noun
housemate,noun
housetop,noun
housewife,noun
housework,noun
housing,noun
hovercraft,noun
howler,noun
hubby,noun
hubcap,noun
hug,noun
huge,adj
hugger,noun
hulk,noun
hull,noun
human,adj
humankind,noun
humid,adj
humidity,noun
hummingbird,noun
humongous,adj
hump,noun
humpback,noun
humpbacked,adj
hunchback,noun
hundred,noun
hunger,noun
hungry,adj
hunk,noun
hunting,noun
hurdle,noun
hurdler,noun
hurricane,noun
hurtful,adj
husband,noun
husk,noun
hut,noun
hydrant,noun
hyena,noun
hygiene,noun
hygienist,noun
hymn,noun
hyphen,noun
hypnosis,noun
ice,noun
iceberg,noun
icebox,noun
icebreaker,noun
icepick,noun
icicle,noun
icing,noun
icy,adj
identical,adj
identification,noun
idiot,noun
idle,adj
idol,noun
igloo,noun
iguana,noun
illness,noun
illustration,noun
illustrator,noun
image,noun
imitation,noun
immigrant,noun
impact,noun
improvement,noun
impulse,noun
inactive,adj
inch,noun
inchworm,noun
income,noun
index,noun
indigo,adj
individual,noun
indoor,adj
infancy,noun
infant,noun
infection,noun
infield,noun
infielder,noun
inflatable,adj
inflated,adj
information,noun
ingredient,noun
inhabitant,noun
initial,adj
injury,noun
ink,noun
inkblot,noun
inkpad,noun
inky,adj
inlet,noun
inmate,noun
inn,noun
innards,noun
inner,adj
inning,noun
innkeeper,noun
insect,noun
insertion,noun
inspection,noun
inspector,noun
instant,noun
instruction,noun
instructor,noun
instrument,noun
instrumental,adj
intact,adj
interaction,noun
interception,noun
interchange,noun
intercom,noun
interior,noun
interlocking,adj
international,adj
interrupter,noun
interruption,noun
interstate,adj
intestine,noun
intro,noun
introduction,noun
invasion,noun
invention,noun
inventor,noun
investigation,noun
investigator,noun
invisible,adj
invitation,noun
iron,noun
irritation,noun
island,noun
isle,noun
isolation,noun
italic,noun
itch,noun
itchiness,noun
itchy,adj
item,noun
ivory,noun
jabber,noun
jacket,noun
jackhammer,noun
jackpot,noun
jackrabbit,noun
jagged,adj
jaguar,noun
jail,noun
jailbird,noun
jailbreak,noun
jailhouse,noun
jam,noun
jamboree,noun
janitor,noun
jar,noun
javelin,noun
jaw,noun
jawbone,noun
jawbreaker,noun
jaybird,noun
jaywalker,noun
jazz,noun
jazzy,adj
jeep,noun
jellied,adj
jelly,noun
jellyfish,noun
jellyroll,noun
jerk,noun
jerky,adj
jet,noun
jetliner,noun
jewel,noun
jeweled,adj
jeweler,noun
jewelry,noun
jig,noun
jigsaw,noun
jingle,noun
jittery,adj
job,noun
jobless,adj
jockey,noun
jockstrap,noun
jogger,noun
joint,adj
joke,noun
joker,noun
jokester,noun
jolt,noun
journal,noun
journey,noun
joyride,noun
joystick,noun
judge,noun
jug,noun
juggler,noun
juice,noun
juicy,adj
jukebox,noun
jumble,noun
jumper,noun
jumpsuit,noun
jumpy,adj
jungle,noun
junior,adj
junk,noun
junkyard,noun
kaleidoscope,noun
kangaroo,noun
karate,noun
kayak,noun
kazoo,noun
keeper,noun
keepsake,noun
kennel,noun
kerchief,noun
kernel,noun
ketchup,noun
kettle,noun
key,noun
keyboard,noun
keyboardist,noun
keyhole,noun
khaki,adj
kicker,noun
kickoff,noun
kid,noun
kidnapper,noun
kidnapping,noun
kidney,noun
killer,noun
kilometer,noun
kilt,noun
kin,noun
kindergarten,noun
kindergartener,noun
kindergartner,noun
kindling,noun
king,noun
kingdom,noun
kisser,noun
kit,noun
kitchen,noun
kitchenware,noun
kite,noun
kitten,noun
kiwi,noun
knee,noun
kneecap,noun
kneeler,noun
knickers,noun
knickknack,noun
knife,noun
knighthood,noun
knitter,noun
knitting,noun
knob,noun
knockdown,noun
knocker,noun
knockout,noun
knot,noun
knothole,noun
knotty,adj
knuckle,noun
knuckles,noun
koala,noun
lab,noun
label,noun
labor,noun
laboratory,noun
lace,noun
lad,noun
ladder,noun
ladle,noun
lady,noun
ladybug,noun
lag,noun
lagoon,noun
lake,noun
lakefront,noun
lakeshore,noun
lamb,noun
lame,adj
lamp,noun
lamplight,noun
lamppost,noun
lampshade,noun
land,noun
landfill,noun
landing,noun
landlady,noun
landmark,noun
landscape,noun
landslide,noun
lane,noun
lanky,adj
lantern,noun
lap,noun
lard,noun
large,adj
largeness,noun
larva,noun
lasagna,noun
laser,noun
lasso,noun
latch,noun
late,adj
lather,noun
laugher,noun
laughingstock,noun
laughter,noun
launcher,noun
laundry,noun
laundryman,noun
laundrywoman,noun
lava,noun
lavender,noun
law,noun
lawmaker,noun
lawman,noun
lawn,noun
lawyer,noun
layer,noun
lazy,adj
leaded,adj
leader,noun
leaf,noun
leafy,adj
league,noun
leak,noun
leakage,noun
leaker,noun
leaky,adj
leap,noun
learner,noun
leash,noun
leather,noun
leatherjacket,noun
lecture,noun
lecturer,noun
leech,noun
leftover,adj
leftovers,noun
lefty,noun
leg,noun
legend,noun
legged,adj
legless,adj
lemon,noun
lemonade,noun
lemony,adj
lender,noun
length,noun
lengthy,adj
lens,noun
leopard,noun
leprechaun,noun
lesson,noun
letter,noun
lettering,noun
lettuce,noun
level,noun
lever,noun
liar,noun
librarian,noun
library,noun
license,noun
licorice,noun
lid,noun
lieutenant,noun
life,noun
lifeboat,noun
lifeguard,noun
lifeless,adj
lifelike,adj
lifeline,noun
lifesaver,noun
liftoff,noun
light,noun
lightbulb,noun
lighter,noun
lighthouse,noun
lighting,noun
lightness,noun
lightning,noun
lightweight,noun
lilac,adj
limb,noun
limber,adj
limbo,noun
lime,noun
limeade,noun
limo,noun
limousine,noun
limp,noun
line,noun
linebacker,noun
linen,noun
liner,noun
lineup,noun
lining,noun
link,noun
lint,noun
lion,noun
lioness,noun
lip,noun
lipstick,noun
liquid,adj
liquor,noun
list,noun
listener,noun
listing,noun
liter,noun
literature,noun
litter,noun
litterbug,noun
little,adj
liver,noun
livestock,noun
lizard,noun
llama,noun
load,noun
loader,noun
loaf,noun
loan,noun
lobby,noun
lobster,noun
local,adj
location,noun
locator,noun
lockbox,noun
locker,noun
locket,noun
locksmith,noun
lockup,noun
locomotion,noun
locomotive,noun
locust,noun
lodge,noun
lodgings,noun
log,noun
logger,noun
logjam,noun
logo,noun
loincloth,noun
lollipop,noun
loner,noun
looker,noun
lookout,noun
lookup,noun
loom,noun
loon,noun
loop,noun
loose,adj
looseness,noun
lord,noun
lot,noun
lotion,noun
lottery,noun
loudmouth,noun
loudness,noun
lounge,noun
lovebird,noun
lover,noun
loveseat,noun
low,adj
lowercase,noun
lozenge,noun
luggage,noun
lukewarm,adj
lullaby,noun
lumber,noun
lumberjack,noun
lumberman,noun
lumberyard,noun
lump,noun
lumpy,adj
lunar,adj
lunatic,noun
lunch,noun
luncheon,noun
lunchroom,noun
lunchtime,noun
lung,noun
luxury,noun
macaroni,noun
macaw,noun
machete,noun
machine,noun
mad,adj
madam,noun
madhouse,noun
madman,noun
madwoman,noun
magazine,noun
magenta,noun
maggot,noun
magic,noun
magician,noun
magma,noun
magnet,noun
magnetic,adj
magnification,noun
magnifier,noun
magnolia,noun
maid,noun
maiden,noun
mail,noun
mailbag,noun
mailbox,noun
mailing,noun
mailman,noun
maize,noun
majority,noun
maker,noun
makeup,noun
male,adj
malfunction,noun
mall,noun
mallard,noun
malt,noun
malted,adj
mama,noun
mammal,noun
mammoth,noun
man,noun
manager,noun
mane,noun
maneuver,noun
manger,noun
mango,noun
mangy,adj
manhole,noun
manhunt,noun
maniac,noun
mankind,noun
manlike,adj
mannequin,noun
manor,noun
manpower,noun
mansion,noun
mantel,noun
mantis,noun
mantle,noun
manual,noun
manufacturing,noun
map,noun
maple,noun
marathon,noun
marble,noun
marbled,adj
marcher,noun
mare,noun
margarine,noun
marigold,noun
marinara,noun
marine,adj
marionette,noun
marker,noun
market,noun
marketplace,noun
maroon,adj
marriage,noun
married,adj
marshal,noun
marshmallow,noun
marshy,adj
mascara,noun
mascot,noun
mash,noun
mask,noun
masked,adj
mass,adj
masses,noun
massive,adj
master,noun
masterpiece,noun
mat,noun
match,noun
matchbook,noun
matchbox,noun
matching,adj
matchstick,noun
mate,noun
material,noun
math,noun
mathematical,adj
mathematician,noun
mathematics,noun
matinee,noun
matter,noun
mattress,noun
maximum,adj
mayflower,noun
mayonnaise,noun
mayor,noun
maypole,noun
maze,noun
meadow,noun
meadowlark,noun
meal,noun
mealtime,noun
measles,noun
measurable,adj
measurement,noun
measurer,noun
meat,noun
meatball,noun
meatloaf,noun
meaty,adj
mechanic,noun
mechanical,adj
medal,noun
medical,adj
medication,noun
medicine,noun
medium,noun
meeting,noun
meetinghouse,noun
melody,noun
melon,noun
member,noun
membership,noun
memorial,noun
menu,noun
merchandise,noun
merchant,noun
mermaid,noun
merrymaking,noun
mesh,noun
mess,noun
message,noun
messenger,noun
messiah,noun
messiness,noun
messy,adj
metal,noun
metallic,adj
meteor,noun
meteorite,noun
meteorologist,noun
meter,noun
microphone,noun
microscope,noun
microwave,noun
midair,noun
midday,noun
middle,noun
middleweight,noun
midget,noun
midnight,noun
midsection,noun
midsummer,noun
midwinter,noun
mighty,adj
migration,noun
migratory,adj
mildew,noun
mile,noun
military,adj
milk,noun
milkmaid,noun
milkman,noun
milkshake,noun
milky,adj
mill,noun
millimeter,noun
million,noun
millionaire,noun
millionth,noun
mime,noun
minefield,noun
miner,noun
mineral,noun
mini,adj
miniature,adj
mining,noun
minister,noun
ministry,noun
minivan,noun
minnow,noun
minor,adj
minority,noun
mint,noun
minty,adj
minute,noun
mirror,noun
misfit,noun
mismatch,noun
mismatched,adj
miss,noun
missile,noun
mission,noun
missionary,noun
mist,noun
mistletoe,noun
misty,adj
mitt,noun
mitten,noun
mixer,noun
mixture,noun
moat,noun
mob,noun
mobile,adj
mocker,noun
mockingbird,noun
model,noun
modeling,noun
moist,adj
moisture,noun
molar,noun
molasses,noun
mold,noun
moldy,adj
mole,noun
molester,noun
molten,adj
mom,noun
momma,noun
mommy,noun
money,noun
moneybag,noun
mongoose,noun
monitor,noun
monkey,noun
monopoly,noun
monster,noun
month,noun
monthly,adj
monument,noun
moo,noun
moon,noun
moonbeam,noun
moonless,adj
moonlight,noun
moonlit,adj
moonshine,noun
moose,noun
mop,noun
morning,noun
moron,noun
morsel,noun
mosaic,noun
mosquito,noun
mossy,adj
motel,noun
moth,noun
mothball,noun
mother,noun
motherhood,noun
motherless,adj
motion,noun
motionless,adj
motor,noun
motorbike,noun
motorboat,noun
motorbus,noun
motorcar,noun
motorcycle,noun
motorcyclist,noun
motorist,noun
motorized,adj
motorway,noun
mound,noun
mount,noun
mountain,noun
mountainside,noun
mouse,noun
mousetrap,noun
moustache,noun
mouth,noun
mouthful,noun
mouthwash,noun
movable,adj
movement,noun
mover,noun
movie,noun
mower,noun
mozzarella,noun
muck,noun
mucky,adj
mucus,noun
mud,noun
muddiness,noun
muddy,adj
mudslide,noun
muffin,noun
muffled,adj
muffler,noun
mug,noun
muggy,adj
mulberry,noun
mulch,noun
mule,noun
multicolored,adj
multiple,adj
multiplication,noun
mum,noun
mummy,noun
mumps,noun
mural,noun
murder,noun
murderer,noun
murky,adj
muscle,noun
muscleman,noun
muscular,adj
museum,noun
mushroom,noun
mushy,adj
music,noun
musical,adj
musician,noun
musketeer,noun
mustached,adj
mustang,noun
mustard,noun
mute,adj
muted,adj
mutt,noun
muzzle,noun
nacho,noun
naked,adj
nakedness,noun
name,noun
nameplate,noun
nanny,noun
nap,noun
napkin,noun
nappy,noun
narration,noun
narrator,noun
narrow,adj
narrowness,noun
nasal,adj
nation,noun
nationality,noun
nationwide,adj
native,adj
nativity,noun
nature,noun
nausea,noun
naval,adj
navel,noun
navigator,noun
navy,noun
nearness,noun
nearsighted,adj
neck,noun
neckband,noun
neckerchief,noun
necklace,noun
necktie,noun
nectar,noun
nectarine,noun
needle,noun
needlepoint,noun
needlework,noun
neighbor,noun
neighborhood,noun
neon,noun
nephew,noun
nerd,noun
nerve,noun
nest,noun
net,noun
netting,noun
new,adj
newborn,adj
newcomer,noun
newlywed,noun
news,noun
newsboy,noun
newsbreak,noun
newscast,noun
newscaster,noun
newsflash,noun
newsletter,noun
newsman,noun
newspaper,noun
newspaperman,noun
newspaperwoman,noun
newsroom,noun
newsstand,noun
newswoman,noun
nickel,noun
nickelodeon,noun
nickname,noun
niece,noun
nigger,noun
night,noun
nightdress,noun
nightfall,noun
nightgown,noun
nightie,noun
nightmare,noun
nightshirt,noun
nightstick,noun
nighttime,noun
nightwear,noun
ninja,noun
nip,noun
nipple,noun
nippy,adj
nobleman,noun
nocturnal,adj
noggin,noun
noise,noun
noisemaker,noun
noisiness,noun
noisy,adj
nonfiction,noun
nonsmoker,noun
noodle,noun
nook,noun
noon,noun
noonday,noun
noose,noun
north,noun
northeast,noun
northern,adj
northwest,noun
northwestern,adj
nose,noun
nosebleed,noun
nosiness,noun
nostril,noun
notch,noun
note,noun
notebook,noun
notepad,noun
notepaper,noun
notification,noun
nougat,noun
noun,noun
nourishment,noun
novel,noun
nozzle,noun
nude,adj
nudeness,noun
nudity,noun
nugget,noun
numb,adj
number,noun
numeral,noun
numeric,adj
numerical,adj
numerous,adj
nun,noun
nurse,noun
nursemaid,noun
nursery,noun
nursing,noun
nut,noun
nutcase,noun
nutcracker,noun
nutmeg,noun
nutrition,noun
nutshell,noun
nutty,adj
oak,noun
oar,noun
oasis,noun
oat,noun
oatmeal,noun
obese,adj
obituary,noun
object,noun
observatory,noun
observer,noun
obstacle,noun
occasion,noun
occupancy,noun
occupant,noun
ocean,noun
oceanfront,noun
octagon,noun
octave,noun
octopus,noun
oddball,noun
odor,noun
offence,noun
office,noun
officer,noun
official,adj
ogre,noun
oil,noun
oilcan,noun
oily,adj
ointment,noun
old,adj
oldie,noun
oldness,noun
olive,adj
omelet,noun
onion,noun
onlooker,noun
onshore,adj
onstage,adj
oozy,adj
opal,noun
opener,noun
opening,noun
operation,noun
operative,adj
operator,noun
opossum,noun
opponent,noun
optometrist,noun
oral,adj
orange,adj
orangutan,noun
orbit,noun
orbiter,noun
orchard,noun
orchestra,noun
orchid,noun
order,noun
orderly,adj
organ,noun
organist,noun
organization,noun
organizer,noun
oriental,adj
origami,noun
ornament,noun
ornamental,adj
orphan,noun
orphanage,noun
orphaned,adj
ostrich,noun
otter,noun
ounce,noun
outage,noun
outback,noun
outcast,noun
outdoor,adj
outdoorsman,noun
outer,adj
outfield,noun
outfielder,noun
outfit,noun
outhouse,noun
outing,noun
outlaw,noun
outlet,noun
outline,noun
oval,adj
oven,noun
overbite,noun
overcast,adj
overcoat,noun
overdue,adj
overflow,noun
overgrown,adj
overhand,adj
overheated,adj
overlap,noun
overload,noun
overpass,noun
overpriced,adj
oversized,adj
overtime,noun
overweight,adj
owl,noun
owner,noun
ox,noun
oxygen,noun
oyster,noun
pace,noun
pacifier,noun
packable,adj
package,noun
packaging,noun
packet,noun
pact,noun
pad,noun
padded,adj
padding,noun
paddle,noun
paddler,noun
padlock,noun
page,noun
pail,noun
pain,noun
painful,adj
pains,noun
paintbox,noun
paintbrush,noun
painter,noun
painting,noun
pair,noun
pajama,noun
pal,noun
palace,noun
pale,adj
pallbearer,noun
palm,noun
pamphlet,noun
pan,noun
pancake,noun
panda,noun
pane,noun
panel,noun
paneling,noun
panic,noun
pansy,noun
pant,noun
panther,noun
pantomime,noun
pantry,noun
pants,noun
pantsuit,noun
pantyhose,noun
papa,noun
paper,noun
paperback,noun
paperboy,noun
paperclip,noun
paperweight,noun
paperwork,noun
paprika,noun
parachute,noun
parade,noun
paradise,noun
paragraph,noun
parakeet,noun
parallel,adj
parasite,noun
parched,adj
parent,noun
parenthesis,noun
parenthood,noun
parentless,adj
park,noun
parking,noun
parkland,noun
parlor,noun
parrot,noun
parsley,noun
part,noun
participant,noun
participation,noun
parting,noun
partner,noun
partnership,noun
partridge,noun
party,noun
passage,noun
passageway,noun
passenger,noun
passerby,noun
password,noun
pasta,noun
paste,noun
pastor,noun
pastrami,noun
pastry,noun
pasture,noun
pastureland,noun
patch,noun
patchwork,noun
patchy,adj
path,noun
pathway,noun
patio,noun
patrol,noun
patrolman,noun
patter,noun
pattern,noun
patterned,adj
pauper,noun
pavement,noun
paw,noun
pawn,noun
payback,noun
paycheck,noun
payday,noun
payment,noun
pea,noun
peacekeeper,noun
peacemaker,noun
peach,noun
peak,noun
peanut,noun
peanuts,noun
pear,noun
pearly,adj
peasant,noun
pebble,noun
pecan,noun
pecker,noun
pedal,noun
peddler,noun
pedestrian,noun
peek,noun
peekaboo,noun
peeler,noun
peep,noun
peeper,noun
peephole,noun
pegboard,noun
pelican,noun
pelvis,noun
pen,noun
penalty,noun
pencil,noun
penguin,noun
penicillin,noun
peninsula,noun
penis,noun
penmanship,noun
penny,noun
people,noun
pepper,noun
peppermint,noun
pepperoni,noun
peppery,adj
percent,noun
perch,noun
percussionist,noun
performance,noun
performer,noun
perfume,noun
perfumed,adj
perimeter,noun
period,noun
perk,noun
perky,adj
perm,noun
permanent,adj
peroxide,noun
person,noun
pervert,noun
pest,noun
pet,noun
petal,noun
petite,adj
petunia,noun
pew,noun
pharmacist,noun
pharmacy,noun
pheasant,noun
phone,noun
phonetic,adj
phonics,noun
phonograph,noun
photo,noun
photograph,noun
photographer,noun
photographic,adj
photography,noun
phrase,noun
physical,adj
physician,noun
pianist,noun
piano,noun
pickax,noun
picker,noun
pickle,noun
pickled,adj
pickpocket,noun
pickup,noun
picnic,noun
picnicker,noun
picture,noun
pie,noun
piece,noun
pier,noun
pig,noun
pigeon,noun
piggy,noun
piggyback,noun
piglet,noun
pigpen,noun
pigskin,noun
pigsty,noun
pigtail,noun
pile,noun
pileup,noun
pilgrim,noun
pill,noun
pillar,noun
pillbox,noun
pillow,noun
pillowcase,noun
pilot,noun
pimple,noun
pimpled,adj
pin,noun
pinball,noun
pinch,noun
pincushion,noun
pine,noun
pineapple,noun
pinecone,noun
ping,noun
pinhole,noun
pink,adj
pinkie,noun
pinkish,adj
pinprick,noun
pinstripe,noun
pint,noun
pinwheel,noun
pioneer,noun
pipe,noun
piping,noun
piranha,noun
pirate,noun
pistachio,noun
pistol,noun
pit,noun
pitch,noun
pitcher,noun
pitchfork,noun
pixie,noun
pizza,noun
pizzeria,noun
place,noun
placement,noun
plague,noun
plaid,noun
plan,noun
plane,noun
planet,noun
planetarium,noun
plank,noun
planner,noun
plant,noun
plantation,noun
planter,noun
plaque,noun
plaster,noun
plastic,noun
plate,noun
plateau,noun
plateful,noun
platform,noun
platter,noun
platypus,noun
playable,adj
playback,noun
player,noun
playful,adj
playground,noun
playhouse,noun
playmate,noun
playoff,noun
playpen,noun
playroom,noun
playsuit,noun
plaything,noun
playtime,noun
plaza,noun
pleasing,adj
pledge,noun
pliers,noun
plot,noun
plow,noun
plug,noun
plum,noun
plumber,noun
plumbing,noun
plump,adj
plunge,noun
plural,noun
plush,adj
plushy,adj
plywood,noun
pneumonia,noun
pocket,noun
pocketbook,noun
pocketful,noun
pocketknife,noun
pod,noun
podium,noun
poem,noun
poet,noun
poetry,noun
poinsettia,noun
point,noun
pointed,adj
pointer,noun
poison,noun
poisoning,noun
poisonous,adj
poker,noun
polar,adj
pole,noun
police,noun
policeman,noun
policewoman,noun
polish,noun
politician,noun
politics,noun
polka,noun
pollen,noun
pollination,noun
polluter,noun
pollution,noun
polo,noun
poltergeist,noun
poncho,noun
pond,noun
pony,noun
ponytail,noun
pooch,noun
poodle,noun
pool,noun
poolroom,noun
poop,noun
poor,adj
popcorn,noun
pope,noun
popgun,noun
popover,noun
popper,noun
popsicle,noun
population,noun
porcelain,noun
porch,noun
porcupine,noun
pore,noun
pork,noun
porridge,noun
port,noun
portable,adj
portion,noun
portrait,noun
position,noun
possession,noun
possum,noun
post,noun
postage,noun
postal,adj
postcard,noun
poster,noun
postman,noun
posture,noun
posy,noun
pot,noun
potato,noun
pothole,noun
potion,noun
potluck,noun
potpie,noun
potted,adj
pottery,noun
potty,noun
pouch,noun
poultry,noun
pound,noun
pounding,noun
poverty,noun
powder,noun
powdered,adj
powdery,adj
powerboat,noun
powerhouse,noun
powwow,noun
pox,noun
practice,noun
prairie,noun
prance,noun
prank,noun
prankster,noun
prayer,noun
preacher,noun
precipitation,noun
predator,noun
preface,noun
prefix,noun
pregnancy,noun
pregnant,adj
premiere,noun
prepackaged,adj
prescription,noun
presence,noun
present,noun
presentation,noun
presenter,noun
presidency,noun
president,noun
press,noun
pressure,noun
preteen,adj
prettiness,noun
pretzel,noun
preview,noun
previous,adj
prey,noun
price,noun
prick,noun
prickly,adj
priest,noun
primate,noun
prince,noun
princess,noun
principal,noun
print,noun
printer,noun
printing,noun
prison,noun
prisoner,noun
private,adj
prize,noun
pro,noun
probe,noun
problem,noun
procedure,noun
product,noun
production,noun
productive,adj
profession,noun
profile,noun
profit,noun
program,noun
project,noun
projector,noun
pronunciation,noun
proof,noun
proofreader,noun
propeller,noun
property,noun
prophet,noun
protective,adj
protector,noun
protest,noun
protractor,noun
provider,noun
prowl,noun
prune,noun
psalm,noun
psycho,noun
public,adj
puck,noun
pudding,noun
puddle,noun
pudgy,adj
puff,noun
puffball,noun
puffin,noun
puffiness,noun
puffy,adj
pug,noun
pulley,noun
pullover,noun
pulp,noun
puma,noun
pump,noun
pumpkin,noun
punch,noun
puncher,noun
punctuation,noun
puncture,noun
punt,noun
punter,noun
puny,adj
pup,noun
pupil,noun
puppet,noun
puppeteer,noun
puppetry,noun
puppy,noun
purchase,noun
purple,adj
purplish,adj
purr,noun
purse,noun
pus,noun
pushcart,noun
pusher,noun
pushup,noun
puss,noun
pussy,noun
pussycat,noun
putt,noun
putter,noun
putty,noun
puzzle,noun
pyramid,noun
python,noun
quail,noun
quake,noun
quarrel,noun
quart,noun
quarter,noun
quarterback,noun
quarters,noun
quartet,noun
quartz,noun
queen,noun
question,noun
questioner,noun
quick,adj
quickness,noun
quicksand,noun
quiet,adj
quietness,noun
quilt,noun
quitter,noun
quiz,noun
quizmaster,noun
quotation,noun
rabbi,noun
rabbit,noun
rabid,adj
rabies,noun
raccoon,noun
race,noun
racehorse,noun
racer,noun
racetrack,noun
raceway,noun
racist,adj
rack,noun
racket,noun
radar,noun
radiator,noun
radio,noun
radish,noun
radius,noun
raffle,noun
raft,noun
rag,noun
ragamuffin,noun
rage,noun
ragged,adj
ragtag,noun
raid,noun
raider,noun
rail,noun
railcar,noun
railing,noun
railroad,noun
railway,noun
rain,noun
rainbow,noun
raincoat,noun
raindrop,noun
rainfall,noun
rainforest,noun
rainmaker,noun
rainstorm,noun
rainwater,noun
rainy,adj
raisin,noun
ram,noun
ramp,noun
ranch,noun
rancher,noun
ranching,noun
rancid,adj
range,noun
ranger,noun
rank,noun
ransom,noun
rant,noun
rap,noun
rapid,adj
rascal,noun
rash,noun
raspberry,noun
rat,noun
rattail,noun
rattler,noun
rattlesnake,noun
rattrap,noun
ratty,adj
raven,noun
ravioli,noun
raw,adj
razor,noun
reachable,adj
readable,adj
reader,noun
rear,noun
rearrangement,noun
rebel,noun
rebound,noun
receipt,noun
reception,noun
receptionist,noun
recess,noun
recipe,noun
recipient,noun
recital,noun
recliner,noun
record,noun
recorder,noun
recording,noun
recovery,noun
recreation,noun
recreational,adj
rectangle,noun
rectangular,adj
rectum,noun
recyclable,adj
red,adj
redbird,noun
redcoat,noun
reddish,adj
redhead,noun
redheaded,adj
redneck,noun
redness,noun
reef,noun
reel,noun
ref,noun
referee,noun
refereeing,noun
refill,noun
reflection,noun
reflector,noun
reflex,noun
refreshment,noun
refrigeration,noun
refrigerator,noun
refund,noun
refusal,noun
region,noun
register,noun
rehearsal,noun
reindeer,noun
relationship,noun
relative,noun
relaxation,noun
relaxing,adj
relay,noun
relocation,noun
remainder,noun
remaining,adj
remark,noun
rematch,noun
remedy,noun
remote,adj
removal,noun
remover,noun
rent,noun
reorder,noun
rep,noun
repairer,noun
repairman,noun
repellant,noun
repetition,noun
repetitive,adj
replacement,noun
replay,noun
reply,noun
report,noun
reporter,noun
reprimand,noun
reprint,noun
reptile,noun
request,noun
requirement,noun
rerun,noun
rescuer,noun
research,noun
reshuffle,noun
residence,noun
resident,noun
residential,adj
resort,noun
response,noun
rest,noun
restaurant,noun
restraint,noun
restricted,adj
restroom,noun
result,noun
retard,noun
retarded,adj
retirement,noun
retrievable,adj
retriever,noun
reversal,noun
reversible,adj
review,noun
reviewer,noun
revolting,adj
revolver,noun
reward,noun
rhino,noun
rhinoceros,noun
rhyme,noun
rhythm,noun
rib,noun
ribbon,noun
rice,noun
rich,adj
riches,noun
ride,noun
rider,noun
ridge,noun
riff,noun
riffle,noun
riffraff,noun
rifle,noun
rifleman,noun
rig,noun
rigid,adj
rim,noun
rind,noun
ring,noun
ringer,noun
ringleader,noun
ringmaster,noun
ringside,noun
rink,noun
riot,noun
ripe,adj
ripper,noun
ripple,noun
river,noun
riverbank,noun
riverbed,noun
roach,noun
road,noun
roadblock,noun
roadrunner,noun
roadside,noun
roadway,noun
roar,noun
roast,adj
roasted,adj
roaster,noun
robber,noun
robbery,noun
robe,noun
robot,noun
rock,noun
rocker,noun
rocket,noun
rockslide,noun
rod,noun
rodent,noun
rodeo,noun
roller,noun
rollover,noun
roof,noun
roofer,noun
roofing,noun
rooftop,noun
rookie,noun
room,noun
roomful,noun
roommate,noun
rooms,noun
roomy,adj
rooster,noun
root,noun
rootless,adj
rope,noun
rosary,noun
rose,noun
rosebush,noun
roster,noun
rotation,noun
rotten,adj
rottenness,noun
rotund,adj
rough,adj
roughness,noun
round,adj
roundness,noun
roundup,noun
routine,noun
row,noun
rowboat,noun
rowdy,adj
rower,noun
rowing,noun
royal,adj
royalty,noun
rubber,adj
rubbery,adj
rubble,noun
ruckus,noun
rude,adj
rug,noun
rugged,adj
rule,noun
ruler,noun
rumble,noun
rump,noun
runaway,adj
runner,noun
runny,adj
runt,noun
runway,noun
rural,adj
rush,noun
rust,noun
rusted,adj
rut,noun
rye,noun
saber,noun
sack,noun
sacrifice,noun
sad,adj
saddle,noun
safari,noun
safe,adj
safecracker,noun
sailboat,noun
sailfish,noun
sailor,noun
sake,noun
salad,noun
salamander,noun
salami,noun
sale,noun
salesgirl,noun
saleslady,noun
salesman,noun
salesperson,noun
saleswoman,noun
saliva,noun
salmon,noun
salon,noun
saloon,noun
salsa,noun
salt,noun
salted,adj
saltine,noun
saltshaker,noun
salty,adj
salve,noun
sample,noun
sanctuary,noun
sand,noun
sandal,noun
sandbank,noun
sandbox,noun
sandlot,noun
sandman,noun
sandpaper,noun
sandstorm,noun
sandwich,noun
sap,noun
sapling,noun
sapphire,noun
sappy,adj
sardine,noun
sash,noun
sauce,noun
saucepan,noun
saucer,noun
sauerkraut,noun
sausage,noun
savings,noun
savior,noun
sawdust,noun
sawhorse,noun
sawmill,noun
sax,noun
saxophone,noun
saxophonist,noun
scab,noun
scabby,adj
scale,noun
scalp,noun
scaly,adj
scan,noun
scar,noun
scarecrow,noun
scarf,noun
scary,adj
scavenger,noun
scene,noun
scenery,noun
scenic,adj
scent,noun
scented,adj
schedule,noun
school,noun
schoolbag,noun
schoolbook,noun
schoolboy,noun
schoolchild,noun
schooldays,noun
schoolgirl,noun
schoolhouse,noun
schooling,noun
schoolmaster,noun
schoolmate,noun
schoolroom,noun
schoolteacher,noun
schoolwork,noun
schoolyard,noun
science,noun
scientist,noun
scissors,noun
scoop,noun
scooter,noun
scope,noun
scorcher,noun
score,noun
scoreboard,noun
scorecard,noun
scorekeeper,noun
scoreless,adj
scorer,noun
scorpion,noun
scout,noun
scoutmaster,noun
scowl,noun
scrabble,noun
scrambled,adj
scrap,noun
scrapbook,noun
scraper,noun
scrapheap,noun
scratcher,noun
scrawny,adj
screamer,noun
screech,noun
screen,noun
screwball,noun
screwdriver,noun
scribbler,noun
scrimmage,noun
script,noun
scriptural,adj
scripture,noun
scroll,noun
scrubber,noun
scruffy,adj
scuba,noun
scuff,noun
scuffle,noun
sculptor,noun
sculpture,noun
scum,noun
sea,noun
seacoast,noun
seafood,noun
seafront,noun
seagull,noun
seahorse,noun
seam,noun
seaman,noun
seamanship,noun
seamstress,noun
search,noun
searcher,noun
searchlight,noun
seashell,noun
seashore,noun
seasick,adj
seasickness,noun
seaside,noun
season,noun
seasonal,adj
seasoned,adj
seasoning,noun
seat,noun
seatbelt,noun
seating,noun
seawater,noun
seaweed,noun
second,noun
secondhand,adj
secretary,noun
section,noun
security,noun
sedan,noun
seeable,adj
seed,noun
seedless,adj
seedling,noun
seedy,adj
seeker,noun
seesaw,noun
seizure,noun
self,noun
seller,noun
semi,noun
semicircle,noun
semicolon,noun
senator,noun
sender,noun
senior,adj
sensation,noun
sense,noun
sentence,noun
separate,adj
separation,noun
separator,noun
sequin,noun
sequined,adj
sergeant,noun
series,noun
sermon,noun
serpent,noun
servant,noun
server,noun
serviceman,noun
sesame,noun
session,noun
settlement,noun
settler,noun
setup,noun
sewage,noun
sewer,noun
sewing,noun
sex,noun
shack,noun
shade,noun
shaded,adj
shading,noun
shadow,noun
shadowy,adj
shaker,noun
shakeup,noun
shaky,adj
shallow,adj
shampoo,noun
shape,noun
shard,noun
sharer,noun
shark,noun
sharkskin,noun
sharp,adj
sharpener,noun
sharpie,noun
sharpness,noun
shattering,adj
shaven,adj
shaver,noun
shawl,noun
shears,noun
shedder,noun
sheep,noun
sheepdog,noun
sheepherder,noun
sheer,adj
sheet,noun
shelf,noun
shell,noun
shellfish,noun
shelter,noun
shepherd,noun
shepherdess,noun
sherbet,noun
sheriff,noun
shield,noun
shift,noun
shimmery,adj
shin,noun
shinbone,noun
shiner,noun
shingle,noun
shingles,noun
shining,adj
shiny,adj
ship,noun
shipbuilder,noun
shipbuilding,noun
shipload,noun
shipmate,noun
shipment,noun
shipper,noun
shipping,noun
shipshape,adj
shirt,noun
shirttail,noun
shit,noun
shock,noun
shoe,noun
shoehorn,noun
shoelace,noun
shoemaker,noun
shoeshine,noun
shoestring,noun
shooter,noun
shootout,noun
shop,noun
shopkeeper,noun
shoplifter,noun
shoplifting,noun
shopper,noun
shopping,noun
shoreline,noun
short,adj
shortbread,noun
shortcake,noun
shortcut,noun
shortness,noun
shorts,noun
shortstop,noun
shot,noun
shotgun,noun
shoulder,noun
shouter,noun
shovel,noun
shovelful,noun
showcase,noun
showdown,noun
shower,noun
showerhead,noun
shred,noun
shredder,noun
shriek,noun
shrimp,noun
shrine,noun
shrink,noun
shrub,noun
shrubbery,noun
shrunken,adj
shuffling,noun
shutdown,noun
shuteye,noun
shutout,noun
shutter,noun
shuttle,noun
shy,adj
sibling,noun
sick,adj
sickly,adj
sickness,noun
sickroom,noun
side,noun
sideburn,noun
sidecar,noun
sidekick,noun
sideline,noun
sidesaddle,noun
sidewalk,noun
sigh,noun
sight,noun
sighting,noun
sightless,adj
signal,noun
signalman,noun
signature,noun
signer,noun
signpost,noun
silence,noun
silent,adj
silhouette,noun
silk,noun
silkworm,noun
silky,adj
sill,noun
silliness,noun
silo,noun
silver,noun
silverware,noun
silvery,adj
singer,noun
single,adj
singsong,noun
sink,noun
sinker,noun
sinner,noun
sip,noun
sipper,noun
sir,noun
siren,noun
sissy,noun
sister,noun
sisterhood,noun
site,noun
sitter,noun
size,noun
sizzle,noun
skateboard,noun
skateboarder,noun
skater,noun
skeletal,adj
skeleton,noun
sketch,noun
sketchbook,noun
sketcher,noun
skewer,noun
ski,noun
skid,noun
skier,noun
skiing,noun
skillet,noun
skin,noun
skincare,noun
skinless,adj
skinny,adj
skirt,noun
skit,noun
skittle,noun
skull,noun
skunk,noun
sky,noun
skydiver,noun
skylight,noun
skyrocket,noun
skyscraper,noun
slab,noun
slack,noun
slant,noun
slate,noun
slaughter,noun
slave,noun
slavery,noun
slaw,noun
sledgehammer,noun
sleeper,noun
sleepiness,noun
sleepless,adj
sleepover,noun
sleepwalker,noun
sleepwear,noun
sleepy,adj
sleepyhead,noun
sleeve,noun
sleeveless,adj
sleigh,noun
slice,noun
slicer,noun
slick,noun
slicker,noun
slim,adj
slime,noun
slimy,adj
sling,noun
slingshot,noun
slipper,noun
slippery,adj
sliver,noun
slob,noun
slobber,noun
slop,noun
slope,noun
sloppiness,noun
slot,noun
sloth,noun
slow,adj
slowness,noun
sludge,noun
slug,noun
slugger,noun
sluggish,adj
slumber,noun
slush,noun
slushy,adj
small,adj
smallish,adj
smasher,noun
smear,noun
smelly,adj
smile,noun
smiley,noun
smirk,noun
smithereens,noun
smock,noun
smoker,noun
smokestack,noun
smoky,adj
smooth,adj
smoothie,noun
smoothness,noun
smorgasbord,noun
smudge,noun
smudgy,adj
smuggler,noun
snack,noun
snail,noun
snake,noun
snakebite,noun
snakelike,adj
snapper,noun
snappy,adj
snarl,noun
snatcher,noun
sneaker,noun
sneer,noun
sneezer,noun
snicker,noun
sniffer,noun
sniffle,noun
snitcher,noun
snob,noun
snooper,noun
snoopy,adj
snorer,noun
snorkel,noun
snort,noun
snot,noun
snout,noun
snow,noun
snowball,noun
snowcap,noun
snowfall,noun
snowflake,noun
snowman,noun
snowmobile,noun
snowplow,noun
snowstorm,noun
snowsuit,noun
snowy,adj
snug,adj
soap,noun
soapbox,noun
soapy,adj
sob,noun
soccer,noun
society,noun
sock,noun
socket,noun
soda,noun
sodium,noun
sofa,noun
soft,adj
softball,noun
softener,noun
softness,noun
soggy,adj
soil,noun
solar,adj
soldier,noun
sole,adj
solid,adj
solitaire,noun
solitary,adj
solo,noun
solution,noun
sombrero,noun
somersault,noun
son,noun
song,noun
songbird,noun
songbook,noun
songwriter,noun
soot,noun
sorceress,noun
sore,adj
soreness,noun
soundtrack,noun
soup,noun
soupy,adj
sour,adj
source,noun
sourdough,noun
sourpuss,noun
south,noun
southbound,adj
southeast,noun
southeastern,adj
southern,adj
southwest,noun
southwestern,adj
souvenir,noun
space,noun
spacecraft,noun
spaceman,noun
spaceship,noun
spacesuit,noun
spacing,noun
spacious,adj
spade,noun
spaghetti,noun
spandex,noun
spangled,adj
spaniel,noun
spanking,noun
spareribs,noun
spark,noun
sparkle,noun
sparkler,noun
sparkling,adj
sparkly,adj
spasm,noun
spatter,noun
spatula,noun
speaker,noun
speakerphone,noun
spear,noun
spearmint,noun
species,noun
speck,noun
speckled,adj
spectacle,noun
speech,noun
speed,noun
speedboat,noun
speedometer,noun
speedway,noun
speedy,adj
spell,noun
speller,noun
spelling,noun
spender,noun
sphere,noun
spice,noun
spicy,adj
spider,noun
spigot,noun
spiky,adj
spinach,noun
spinal,adj
spine,noun
spinner,noun
spiral,noun
spirits,noun
spitball,noun
spittle,noun
splash,noun
splashy,adj
splint,noun
splinter,noun
splitter,noun
spoilsport,noun
spokesman,noun
sponge,noun
spongy,adj
spook,noun
spool,noun
spoon,noun
spoonful,noun
sport,noun
sporting,adj
sportscast,noun
sportscaster,noun
sportswear,noun
sportswoman,noun
sporty,adj
spot,noun
spotless,adj
spotlight,noun
spotty,adj
spouse,noun
sprain,noun
sprawl,noun
spray,noun
sprayer,noun
spreader,noun
spring,noun
springtime,noun
springy,adj
sprinkler,noun
sprint,noun
sprinter,noun
sprite,noun
spud,noun
spur,noun
spy,noun
squad,noun
square,noun
squash,noun
squashy,adj
squat,noun
squaw,noun
squeaker,noun
squeaky,adj
squealer,noun
squeegee,noun
squeezer,noun
squid,noun
squiggle,noun
squiggly,adj
squirrel,noun
squishy,adj
stable,adj
stack,noun
stadium,noun
stage,noun
stagecoach,noun
stagger,noun
stain,noun
stair,noun
staircase,noun
stairs,noun
stairway,noun
stairwell,noun
stake,noun
stale,adj
stallion,noun
stamp,noun
stampede,noun
standoff,noun
staple,noun
stapler,noun
star,noun
stardust,noun
starfish,noun
starless,adj
starlight,noun
starlit,adj
starry,adj
starship,noun
starter,noun
starving,adj
state,noun
statement,noun
statewide,adj
static,adj
station,noun
stationary,adj
stationery,noun
stationmaster,noun
statue,noun
steadiness,noun
steak,noun
stealer,noun
steam,noun
steamboat,noun
steamer,noun
steaming,adj
steamroller,noun
steamship,noun
steamy,adj
steel,noun
steep,adj
steeple,noun
steering,noun
stegosaurus,noun
stem,noun
stench,noun
stencil,noun
stepbrother,noun
stepchild,noun
stepdaughter,noun
stepfather,noun
stepladder,noun
stepmother,noun
stepparent,noun
stepper,noun
steps,noun
stepsister,noun
stepson,noun
stereo,noun
stern,noun
stethoscope,noun
stew,noun
stewardess,noun
stickball,noun
sticker,noun
stickiness,noun
stickup,noun
sticky,adj
stiff,adj
sting,noun
stinger,noun
stinging,adj
stinker,noun
stinkweed,noun
stinky,adj
stirrer,noun
stirrup,noun
stitching,noun
stock,noun
stocking,noun
stomach,noun
stomachache,noun
stone,noun
stony,adj
stooge,noun
stool,noun
stoplight,noun
stopper,noun
stopwatch,noun
storage,noun
store,noun
storefront,noun
storehouse,noun
storekeeper,noun
storeroom,noun
storm,noun
stormy,adj
story,noun
storybook,noun
storyteller,noun
stove,noun
stovepipe,noun
stowaway,noun
straightness,noun
strain,noun
strainer,noun
strand,noun
stranger,noun
strap,noun
strapping,adj
straw,noun
strawberry,noun
stray,adj
streak,noun
streaky,adj
stream,noun
streamer,noun
street,noun
streetcar,noun
streetlight,noun
strength,noun
stretcher,noun
stretchy,adj
strict,adj
stride,noun
strikeout,noun
striker,noun
string,noun
strings,noun
stringy,adj
strip,noun
stripe,noun
striped,adj
striper,noun
stroke,noun
stroll,noun
stroller,noun
strong,adj
stronghold,noun
strongman,noun
structure,noun
struggle,noun
stub,noun
stubble,noun
stubby,adj
student,noun
studio,noun
study,noun
stuff,noun
stuffy,adj
stump,noun
stunt,noun
stupidity,noun
sturdy,adj
sty,noun
style,noun
stylist,noun
sub,noun
subject,noun
submarine,noun
subscriber,noun
substance,noun
substitute,noun
substitution,noun
subtitle,noun
subtraction,noun
suburb,noun
subway,noun
sucker,noun
suction,noun
suds,noun
sudsy,adj
sufferer,noun
suffix,noun
suffocation,noun
sugar,noun
sugarcane,noun
sugared,adj
sugarless,adj
sugarplum,noun
sugary,adj
suit,noun
suitcase,noun
suite,noun
sultan,noun
sum,noun
summary,noun
summer,noun
summertime,noun
sumo,noun
sun,noun
sunbather,noun
sunbeam,noun
sunburn,noun
sundae,noun
sundial,noun
sundown,noun
sundress,noun
sunfish,noun
sunflower,noun
sunglass,noun
sunglasses,noun
sunken,adj
sunless,adj
sunlight,noun
sunlit,adj
sunny,adj
sunray,noun
sunrise,noun
sunroom,noun
sunscreen,noun
sunset,noun
sunshine,noun
sunstroke,noun
suntan,noun
suntanned,adj
superhuman,adj
superintendent,noun
supermarket,noun
superpower,noun
supervisor,noun
supper,noun
suppertime,noun
supply,noun
support,noun
supporter,noun
surf,noun
surface,noun
surfer,noun
surge,noun
surgeon,noun
surgery,noun
surprise,noun
surroundings,noun
survivor,noun
suspect,noun
suspender,noun
swamp,noun
swampland,noun
swampy,adj
swarm,noun
swat,noun
sweat,noun
sweatband,noun
sweater,noun
sweatpants,noun
sweatshirt,noun
sweeper,noun
sweet,adj
sweetener,noun
sweetheart,noun
sweetie,noun
sweetness,noun
swell,adj
swift,adj
swiftness,noun
swimmer,noun
swimming,noun
swimsuit,noun
swimwear,noun
swirl,noun
swishy,adj
switchboard,noun
sword,noun
swordfish,noun
swordsman,noun
syllable,noun
symbol,noun
symphony,noun
symptom,noun
synonym,noun
syrup,noun
syrupy,adj
system,noun
tab,noun
table,noun
tablecloth,noun
tablespoon,noun
tablespoonful,noun
tablet,noun
tabletop,noun
tableware,noun
tack,noun
tacky,adj
taco,noun
tadpole,noun
taffy,noun
tag,noun
tagalong,noun
tail,noun
taillight,noun
tailor,noun
tailpipe,noun
tailspin,noun
takeaway,noun
takeoff,noun
takeout,noun
tale,noun
talkative,adj
talkativeness,noun
talker,noun
tall,adj
tallness,noun
tambourine,noun
tan,noun
tang,noun
tangerine,adj
tangy,adj
tank,noun
tanker,noun
tantrum,noun
tap,noun
tape,noun
tapioca,noun
tapper,noun
taps,noun
tar,noun
tarantula,noun
target,noun
tarp,noun
tart,noun
task,noun
tassel,noun
taste,noun
tasteless,adj
taster,noun
tasty,adj
tattler,noun
tattletale,noun
tattoo,noun
tavern,noun
tax,noun
taxi,noun
taxicab,noun
tea,noun
teacher,noun
teacup,noun
teakettle,noun
teal,noun
team,noun
teammate,noun
teapot,noun
teardrop,noun
tearful,adj
teary,adj
teaser,noun
teashop,noun
teaspoon,noun
teaspoonful,noun
teatime,noun
technician,noun
technology,noun
tee,noun
teen,noun
teenage,adj
teenaged,adj
teenager,noun
teens,noun
teensy,adj
teeny,adj
teepee,noun
teething,noun
telegraph,noun
telephone,noun
telescope,noun
television,noun
teller,noun
temper,noun
temperature,noun
temple,noun
tempo,noun
tender,adj
tenderloin,noun
tendon,noun
tennis,noun
tension,noun
tent,noun
tentacle,noun
tentmaker,noun
tepee,noun
term,noun
terminal,noun
termite,noun
terrace,noun
terrier,noun
territory,noun
test,noun
testament,noun
tester,noun
tetherball,noun
text,noun
textbook,noun
textile,noun
texture,noun
thanksgiving,noun
theater,noun
theft,noun
theme,noun
thermometer,noun
thermos,noun
thermostat,noun
thesaurus,noun
thick,adj
thickener,noun
thicket,noun
thickness,noun
thief,noun
thievery,noun
thigh,noun
thighbone,noun
thimble,noun
thimbleful,noun
thin,adj
thing,noun
thingamabob,noun
thinker,noun
thinness,noun
thirst,noun
thirsty,adj
thorny,adj
thousand,noun
thread,noun
threat,noun
throat,noun
throaty,adj
throbbing,adj
throne,noun
throwaway,noun
thrower,noun
thud,noun
thumb,noun
thumbhole,noun
thumbnail,noun
thumbprint,noun
thumbtack,noun
thunder,noun
thunderbolt,noun
thunderclap,noun
thundercloud,noun
thunderstorm,noun
tiara,noun
tic,noun
tick,noun
ticker,noun
ticket,noun
tickler,noun
ticklish,adj
tidbit,noun
tide,noun
tidings,noun
tidy,adj
tiebreaker,noun
tiger,noun
tightness,noun
tightrope,noun
tights,noun
tigress,noun
tile,noun
timber,noun
time,noun
timepiece,noun
timer,noun
timing,noun
tin,noun
tinfoil,noun
tingle,noun
tinkle,noun
tinkling,adj
tinsel,noun
tinting,noun
tiny,adj
tip,noun
tiptop,noun
tired,adj
tiredness,noun
tiring,adj
tissue,noun
title,noun
toad,noun
toadstool,noun
toast,noun
toaster,noun
tobacco,noun
toddler,noun
toe,noun
toeless,adj
toenail,noun
toffee,noun
togetherness,noun
toilet,noun
toilette,noun
token,noun
toll,noun
tollbooth,noun
tomahawk,noun
tomato,noun
tomboy,noun
tombstone,noun
tomcat,noun
ton,noun
tone,noun
tongs,noun
tongue,noun
tonsil,noun
tonsillitis,noun
tool,noun
toolbox,noun
tooth,noun
toothache,noun
toothbrush,noun
toothless,adj
toothpaste,noun
toothpick,noun
toothy,adj
top,noun
topcoat,noun
topic,noun
topmost,adj
topside,noun
topsoil,noun
torch,noun
torchlight,noun
torment,noun
tornado,noun
torpedo,noun
torso,noun
tortilla,noun
tortoise,noun
tot,noun
total,adj
totem,noun
toucan,noun
touchdown,noun
toupee,noun
tour,noun
tourism,noun
tourist,noun
tournament,noun
tow,noun
towel,noun
tower,noun
towering,adj
town,noun
townsfolk,noun
townsman,noun
townspeople,noun
toxic,adj
toxin,noun
toy,noun
trace,noun
track,noun
tracker,noun
tractor,noun
trade,noun
tradeoff,noun
trader,noun
trading,noun
traffic,noun
trail,noun
trailer,noun
train,noun
training,noun
trainload,noun
traitor,noun
tramp,noun
trampoline,noun
trance,noun
translation,noun
translator,noun
transportation,noun
trap,noun
trapeze,noun
trapper,noun
trash,noun
trashy,adj
trauma,noun
traveler,noun
tray,noun
treasure,noun
treasured,adj
treasurer,noun
treatment,noun
treaty,noun
treble,noun
tree,noun
treeless,adj
treelike,adj
treetop,noun
trespasser,noun
trial,noun
triangle,noun
triangular,adj
tribe,noun
triceratops,noun
trick,noun
trickle,noun
trickster,noun
tricycle,noun
trigger,noun
trillion,noun
trimmer,noun
trinket,noun
trio,noun
trip,noun
triple,adj
triplet,noun
tripod,noun
trivia,noun
troll,noun
trolley,noun
trombone,noun
troop,noun
troops,noun
trophy,noun
tropical,adj
troublemaker,noun
trough,noun
trouser,noun
trout,noun
truck,noun
trucker,noun
trumpet,noun
trunk,noun
tryout,noun
tub,noun
tuba,noun
tube,noun
tubful,noun
tuft,noun
tug,noun
tugboat,noun
tumbleweed,noun
tummy,noun
tuna,noun
tune,noun
tuner,noun
tunnel,noun
turd,noun
turkey,noun
turnip,noun
turquoise,noun
turtle,noun
turtledove,noun
turtleneck,noun
tusk,noun
tutor,noun
tutorial,noun
tutu,noun
tux,noun
tuxedo,noun
tweezer,noun
twig,noun
twin,noun
twine,noun
twinkly,adj
twirler,noun
twist,noun
twister,noun
twisty,adj
tycoon,noun
tyke,noun
type,noun
typewriter,noun
typhoon,noun
typist,noun
tyrannosaurus,noun
udder,noun
ugliness,noun
ugly,adj
umbrella,noun
umpire,noun
unanswered,adj
unattended,adj
unbreakable,adj
unbroken,adj
unburied,adj
unchained,adj
unclaimed,adj
uncle,noun
unclean,adj
uncluttered,adj
uncombed,adj
uncompleted,adj
unconnected,adj
unconsciousness,noun
uncooked,adj
uncoordinated,adj
uncrossed,adj
uncut,adj
undamaged,adj
undecorated,adj
underarm,adj
underclothes,noun
underclothing,noun
underground,adj
underpants,noun
underpass,noun
undersea,adj
undershirt,noun
undersize,adj
undersized,adj
underwear,noun
underweight,adj
underworld,noun
undivided,adj
undressed,adj
uneatable,adj
unequal,adj
uneven,adj
unfastened,adj
unfed,adj
unfrozen,adj
unhealthy,adj
unheated,adj
unicorn,noun
unicycle,noun
unicyclist,noun
uniform,noun
uniformed,adj
uninhabited,adj
uninjured,adj
union,noun
unit,noun
universe,noun
unlighted,adj
unlit,adj
unmarked,adj
unmarried,adj
unmixed,adj
unoccupied,adj
unopened,adj
unpaid,adj
unpainted,adj
unpaved,adj
unpolished,adj
unpolluted,adj
unpopulated,adj
unrepaired,adj
unripe,adj
unruffled,adj
unsalted,adj
unshackled,adj
unshaved,adj
unshelled,adj
unsigned,adj
unsinkable,adj
unsmiling,adj
unsold,adj
unspotted,adj
unstained,adj
unsteady,adj
unstuck,adj
unsupervised,adj
unsweetened,adj
untangled,adj
untidiness,noun
untidy,adj
untouched,adj
untreated,adj
unused,adj
unwashed,adj
unwell,adj
unwrapped,adj
unwrinkled,adj
update,noun
upper,adj
uppermost,adj
upright,adj
uproar,noun
upstroke,noun
upturned,adj
upward,adj
urban,adj
urinal,noun
urination,noun
urine,noun
urn,noun
user,noun
utensil,noun
utter,adj
vacancy,noun
vacant,adj
vacation,noun
vacationer,noun
vaccination,noun
vaccine,noun
vacuum,noun
vagina,noun
valley,noun
vampire,noun
vanilla,noun
vapor,noun
vase,noun
vat,noun
vault,noun
vegetable,noun
vegetarian,noun
veggie,noun
vehicle,noun
veil,noun
vein,noun
velvet,noun
velvety,adj
venom,noun
venomous,adj
ventriloquist,noun
verb,noun
verse,noun
vertical,adj
vessel,noun
vest,noun
vet,noun
veteran,noun
veterinarian,noun
veterinary,adj
vibration,noun
victim,noun
victory,noun
video,noun
videocassette,noun
videotape,noun
view,noun
viewer,noun
viewfinder,noun
viewing,noun
vigil,noun
village,noun
villager,noun
villain,noun
vine,noun
vinegar,noun
violence,noun
violent,adj
violin,noun
violinist,noun
viper,noun
virus,noun
visible,adj
vision,noun
visitor,noun
visor,noun
visual,adj
vitamin,noun
vocabulary,noun
vocal,adj
voice,noun
volcanic,adj
volcano,noun
volleyball,noun
volume,noun
voter,noun
vowel,noun
voyage,noun
vulture,noun
wad,noun
wafer,noun
waffle,noun
wages,noun
wagon,noun
waist,noun
waistband,noun
waistline,noun
waiter,noun
waitress,noun
wakeful,adj
walkway,noun
wall,noun
wallboard,noun
wallet,noun
wallpaper,noun
walnut,noun
walrus,noun
wand,noun
wanderer,noun
war,noun
wardrobe,noun
warehouse,noun
warfare,noun
warlock,noun
warm,adj
warmth,noun
warning,noun
warp,noun
warped,adj
warplane,noun
warrior,noun
wart,noun
warthog,noun
wartime,noun
warty,adj
washable,adj
washbasin,noun
washboard,noun
washbowl,noun
washcloth,noun
washday,noun
washer,noun
washerwoman,noun
washrag,noun
washroom,noun
washtub,noun
wasp,noun
wastebasket,noun
watchband,noun
watchdog,noun
watcher,noun
watchmaker,noun
watchtower,noun
water,noun
watercolor,noun
waterfall,noun
waterfront,noun
watermelon,noun
waterproof,adj
waterspout,noun
waterway,noun
waterwheel,noun
waterworks,noun
watery,adj
wattage,noun
wave,noun
wavy,adj
wax,noun
waxed,adj
waxy,adj
weak,adj
weakling,noun
weakness,noun
wealth,noun
wealthy,adj
weapon,noun
wearable,adj
wearer,noun
weary,adj
weasel,noun
weather,noun
weatherman,noun
web,noun
webbed,adj
wedded,adj
wedding,noun
wedge,noun
wee,adj
weed,noun
weeds,noun
week,noun
weekday,noun
weekend,noun
weekly,adj
weeknight,noun
weenie,noun
weepy,adj
weight,noun
weightless,adj
weightlessness,noun
weightlifter,noun
weirdo,noun
welder,noun
welt,noun
werewolf,noun
west,noun
western,adj
westerner,noun
westernmost,adj
wet,adj
wetness,noun
whale,noun
whaleboat,noun
whalebone,noun
wheat,noun
wheel,noun
wheelbarrow,noun
wheelchair,noun
whiff,noun
whimper,noun
whiner,noun
whinny,noun
whippersnapper,noun
whirl,noun
whirlpool,noun
whisker,noun
whiskered,adj
whiskers,noun
whiskey,noun
whisperer,noun
whistle,noun
whistling,noun
white,adj
whiteness,noun
whiteout,noun
whitish,adj
whittler,noun
whole,adj
whopper,noun
wicker,noun
wide,adj
widow,noun
widower,noun
width,noun
wiener,noun
wife,noun
wig,noun
wiggler,noun
wigwam,noun
wildcat,noun
wilderness,noun
wildfire,noun
wildflower,noun
wildlife,noun
willow,noun
wimp,noun
wind,noun
windblown,adj
windbreak,noun
windbreaker,noun
windburn,noun
windless,adj
windmill,noun
window,noun
windowpane,noun
windowsill,noun
windpipe,noun
windshield,noun
windstorm,noun
windy,adj
wine,noun
wineglass,noun
wing,noun
winged,adj
wingless,adj
wingspan,noun
wink,noun
winker,noun
winner,noun
winnings,noun
winter,noun
wintergreen,noun
wintertime,noun
wintery,adj
wintry,adj
wipeout,noun
wiper,noun
wire,noun
wiring,noun
wiry,adj
wisecrack,noun
wishbone,noun
wisp,noun
witch,noun
witchcraft,noun
witness,noun
wiz,noun
wizard,noun
wizardry,noun
wobbly,adj
wolf,noun
woman,noun
womanish,adj
womanlike,adj
womb,noun
wood,noun
woodcarver,noun
woodchuck,noun
woodcutter,noun
wooded,adj
wooden,adj
woodland,noun
woodpecker,noun
woodpile,noun
woods,noun
woodshed,noun
woodsman,noun
woodsy,adj
woodwind,noun
woodworking,noun
wool,noun
woolen,adj
woozy,adj
word,noun
workbench,noun
workbook,noun
workbox,noun
workday,noun
worker,noun
workings,noun
workman,noun
workout,noun
workroom,noun
worksheet,noun
workshop,noun
workspace,noun
world,noun
worm,noun
wormy,adj
worrier,noun
worrywart,noun
worshipper,noun
wound,noun
wrapper,noun
wreath,noun
wreck,noun
wreckage,noun
wrench,noun
wrestler,noun
wrestling,noun
wrinkle,noun
wrinkled,adj
wrinkly,adj
wrist,noun
wristband,noun
wristwatch,noun
writer,noun
wrongdoer,noun
xylophone,noun
yak,noun
yard,noun
yardstick,noun
yarn,noun
yawner,noun
year,noun
yeast,noun
yellow,adj
yellowness,noun
yelp,noun
yodel,noun
yogurt,noun
yoke,noun
yolk,noun
young,adj
youngster,noun
youth,noun
youthful,adj
yummy,adj
zebra,noun
zesty,adj
zigzag,noun
zipper,noun
zodiac,noun
zombie,noun
zone,noun
zoo,noun
zucchini,noun
